"country","iso2c","iso3c","year","SI.POV.GINI","status","lastupdated","region","capital","longitude","latitude","income","lending"
"Albania","AL","ALB",2015,32.8,"","2025-01-28","Europe & Central Asia","Tirane","19.8172","41.3317","Upper middle income","IBRD"
"Albania","AL","ALB",2022,NA,"","2025-01-28","Europe & Central Asia","Tirane","19.8172","41.3317","Upper middle income","IBRD"
"Albania","AL","ALB",2009,NA,"","2025-01-28","Europe & Central Asia","Tirane","19.8172","41.3317","Upper middle income","IBRD"
"Albania","AL","ALB",2018,30.1,"","2025-01-28","Europe & Central Asia","Tirane","19.8172","41.3317","Upper middle income","IBRD"
"Albania","AL","ALB",2003,NA,"","2025-01-28","Europe & Central Asia","Tirane","19.8172","41.3317","Upper middle income","IBRD"
"Albania","AL","ALB",2000,NA,"","2025-01-28","Europe & Central Asia","Tirane","19.8172","41.3317","Upper middle income","IBRD"
"Albania","AL","ALB",2012,29,"","2025-01-28","Europe & Central Asia","Tirane","19.8172","41.3317","Upper middle income","IBRD"
"Albania","AL","ALB",2006,NA,"","2025-01-28","Europe & Central Asia","Tirane","19.8172","41.3317","Upper middle income","IBRD"
"Algeria","DZ","DZA",2015,NA,"","2025-01-28","Middle East & North Africa","Algiers","3.05097","36.7397","Lower middle income","IBRD"
"Algeria","DZ","DZA",2006,NA,"","2025-01-28","Middle East & North Africa","Algiers","3.05097","36.7397","Lower middle income","IBRD"
"Algeria","DZ","DZA",2003,NA,"","2025-01-28","Middle East & North Africa","Algiers","3.05097","36.7397","Lower middle income","IBRD"
"Algeria","DZ","DZA",2012,NA,"","2025-01-28","Middle East & North Africa","Algiers","3.05097","36.7397","Lower middle income","IBRD"
"Algeria","DZ","DZA",2009,NA,"","2025-01-28","Middle East & North Africa","Algiers","3.05097","36.7397","Lower middle income","IBRD"
"Algeria","DZ","DZA",2022,NA,"","2025-01-28","Middle East & North Africa","Algiers","3.05097","36.7397","Lower middle income","IBRD"
"Algeria","DZ","DZA",2018,NA,"","2025-01-28","Middle East & North Africa","Algiers","3.05097","36.7397","Lower middle income","IBRD"
"Algeria","DZ","DZA",2000,NA,"","2025-01-28","Middle East & North Africa","Algiers","3.05097","36.7397","Lower middle income","IBRD"
"Argentina","AR","ARG",2022,40.7,"","2025-01-28","Latin America & Caribbean","Buenos Aires","-58.4173","-34.6118","Upper middle income","IBRD"
"Argentina","AR","ARG",2003,51,"","2025-01-28","Latin America & Caribbean","Buenos Aires","-58.4173","-34.6118","Upper middle income","IBRD"
"Argentina","AR","ARG",2012,41.4,"","2025-01-28","Latin America & Caribbean","Buenos Aires","-58.4173","-34.6118","Upper middle income","IBRD"
"Argentina","AR","ARG",2009,43.8,"","2025-01-28","Latin America & Caribbean","Buenos Aires","-58.4173","-34.6118","Upper middle income","IBRD"
"Argentina","AR","ARG",2006,46.4,"","2025-01-28","Latin America & Caribbean","Buenos Aires","-58.4173","-34.6118","Upper middle income","IBRD"
"Argentina","AR","ARG",2018,41.7,"","2025-01-28","Latin America & Caribbean","Buenos Aires","-58.4173","-34.6118","Upper middle income","IBRD"
"Argentina","AR","ARG",2000,51,"","2025-01-28","Latin America & Caribbean","Buenos Aires","-58.4173","-34.6118","Upper middle income","IBRD"
"Argentina","AR","ARG",2015,NA,"","2025-01-28","Latin America & Caribbean","Buenos Aires","-58.4173","-34.6118","Upper middle income","IBRD"
"Australia","AU","AUS",2018,34.3,"","2025-01-28","East Asia & Pacific","Canberra","149.129","-35.282","High income","Not classified"
"Australia","AU","AUS",2009,NA,"","2025-01-28","East Asia & Pacific","Canberra","149.129","-35.282","High income","Not classified"
"Australia","AU","AUS",2012,NA,"","2025-01-28","East Asia & Pacific","Canberra","149.129","-35.282","High income","Not classified"
"Australia","AU","AUS",2015,NA,"","2025-01-28","East Asia & Pacific","Canberra","149.129","-35.282","High income","Not classified"
"Australia","AU","AUS",2022,NA,"","2025-01-28","East Asia & Pacific","Canberra","149.129","-35.282","High income","Not classified"
"Australia","AU","AUS",2003,33.5,"","2025-01-28","East Asia & Pacific","Canberra","149.129","-35.282","High income","Not classified"
"Australia","AU","AUS",2000,NA,"","2025-01-28","East Asia & Pacific","Canberra","149.129","-35.282","High income","Not classified"
"Australia","AU","AUS",2006,NA,"","2025-01-28","East Asia & Pacific","Canberra","149.129","-35.282","High income","Not classified"
"Austria","AT","AUT",2006,29.6,"","2025-01-28","Europe & Central Asia","Vienna","16.3798","48.2201","High income","Not classified"
"Austria","AT","AUT",2000,29,"","2025-01-28","Europe & Central Asia","Vienna","16.3798","48.2201","High income","Not classified"
"Austria","AT","AUT",2012,30.5,"","2025-01-28","Europe & Central Asia","Vienna","16.3798","48.2201","High income","Not classified"
"Austria","AT","AUT",2022,NA,"","2025-01-28","Europe & Central Asia","Vienna","16.3798","48.2201","High income","Not classified"
"Austria","AT","AUT",2003,29.5,"","2025-01-28","Europe & Central Asia","Vienna","16.3798","48.2201","High income","Not classified"
"Austria","AT","AUT",2015,30.5,"","2025-01-28","Europe & Central Asia","Vienna","16.3798","48.2201","High income","Not classified"
"Austria","AT","AUT",2009,31.5,"","2025-01-28","Europe & Central Asia","Vienna","16.3798","48.2201","High income","Not classified"
"Austria","AT","AUT",2018,30.8,"","2025-01-28","Europe & Central Asia","Vienna","16.3798","48.2201","High income","Not classified"
"Azerbaijan","AZ","AZE",2018,NA,"","2025-01-28","Europe & Central Asia","Baku","49.8932","40.3834","Upper middle income","IBRD"
"Azerbaijan","AZ","AZE",2015,NA,"","2025-01-28","Europe & Central Asia","Baku","49.8932","40.3834","Upper middle income","IBRD"
"Azerbaijan","AZ","AZE",2022,NA,"","2025-01-28","Europe & Central Asia","Baku","49.8932","40.3834","Upper middle income","IBRD"
"Azerbaijan","AZ","AZE",2009,NA,"","2025-01-28","Europe & Central Asia","Baku","49.8932","40.3834","Upper middle income","IBRD"
"Azerbaijan","AZ","AZE",2006,NA,"","2025-01-28","Europe & Central Asia","Baku","49.8932","40.3834","Upper middle income","IBRD"
"Azerbaijan","AZ","AZE",2003,26.8,"","2025-01-28","Europe & Central Asia","Baku","49.8932","40.3834","Upper middle income","IBRD"
"Azerbaijan","AZ","AZE",2012,NA,"","2025-01-28","Europe & Central Asia","Baku","49.8932","40.3834","Upper middle income","IBRD"
"Azerbaijan","AZ","AZE",2000,NA,"","2025-01-28","Europe & Central Asia","Baku","49.8932","40.3834","Upper middle income","IBRD"
"Belarus","BY","BLR",2022,NA,"","2025-01-28","Europe & Central Asia","Minsk","27.5766","53.9678","Upper middle income","IBRD"
"Belarus","BY","BLR",2000,31.2,"","2025-01-28","Europe & Central Asia","Minsk","27.5766","53.9678","Upper middle income","IBRD"
"Belarus","BY","BLR",2015,25.6,"","2025-01-28","Europe & Central Asia","Minsk","27.5766","53.9678","Upper middle income","IBRD"
"Belarus","BY","BLR",2009,27.7,"","2025-01-28","Europe & Central Asia","Minsk","27.5766","53.9678","Upper middle income","IBRD"
"Belarus","BY","BLR",2006,28.3,"","2025-01-28","Europe & Central Asia","Minsk","27.5766","53.9678","Upper middle income","IBRD"
"Belarus","BY","BLR",2018,25.2,"","2025-01-28","Europe & Central Asia","Minsk","27.5766","53.9678","Upper middle income","IBRD"
"Belarus","BY","BLR",2012,26.5,"","2025-01-28","Europe & Central Asia","Minsk","27.5766","53.9678","Upper middle income","IBRD"
"Belarus","BY","BLR",2003,28.8,"","2025-01-28","Europe & Central Asia","Minsk","27.5766","53.9678","Upper middle income","IBRD"
"Belgium","BE","BEL",2003,28.1,"","2025-01-28","Europe & Central Asia","Brussels","4.36761","50.8371","High income","Not classified"
"Belgium","BE","BEL",2012,27.5,"","2025-01-28","Europe & Central Asia","Brussels","4.36761","50.8371","High income","Not classified"
"Belgium","BE","BEL",2006,28.1,"","2025-01-28","Europe & Central Asia","Brussels","4.36761","50.8371","High income","Not classified"
"Belgium","BE","BEL",2018,27.2,"","2025-01-28","Europe & Central Asia","Brussels","4.36761","50.8371","High income","Not classified"
"Belgium","BE","BEL",2000,33.1,"","2025-01-28","Europe & Central Asia","Brussels","4.36761","50.8371","High income","Not classified"
"Belgium","BE","BEL",2022,NA,"","2025-01-28","Europe & Central Asia","Brussels","4.36761","50.8371","High income","Not classified"
"Belgium","BE","BEL",2009,28.6,"","2025-01-28","Europe & Central Asia","Brussels","4.36761","50.8371","High income","Not classified"
"Belgium","BE","BEL",2015,27.7,"","2025-01-28","Europe & Central Asia","Brussels","4.36761","50.8371","High income","Not classified"
"Bosnia and Herzegovina","BA","BIH",2006,NA,"","2025-01-28","Europe & Central Asia","Sarajevo","18.4214","43.8607","Upper middle income","IBRD"
"Bosnia and Herzegovina","BA","BIH",2003,NA,"","2025-01-28","Europe & Central Asia","Sarajevo","18.4214","43.8607","Upper middle income","IBRD"
"Bosnia and Herzegovina","BA","BIH",2009,NA,"","2025-01-28","Europe & Central Asia","Sarajevo","18.4214","43.8607","Upper middle income","IBRD"
"Bosnia and Herzegovina","BA","BIH",2022,NA,"","2025-01-28","Europe & Central Asia","Sarajevo","18.4214","43.8607","Upper middle income","IBRD"
"Bosnia and Herzegovina","BA","BIH",2018,NA,"","2025-01-28","Europe & Central Asia","Sarajevo","18.4214","43.8607","Upper middle income","IBRD"
"Bosnia and Herzegovina","BA","BIH",2015,NA,"","2025-01-28","Europe & Central Asia","Sarajevo","18.4214","43.8607","Upper middle income","IBRD"
"Bosnia and Herzegovina","BA","BIH",2012,NA,"","2025-01-28","Europe & Central Asia","Sarajevo","18.4214","43.8607","Upper middle income","IBRD"
"Bosnia and Herzegovina","BA","BIH",2000,NA,"","2025-01-28","Europe & Central Asia","Sarajevo","18.4214","43.8607","Upper middle income","IBRD"
"Brazil","BR","BRA",2012,53.4,"","2025-01-28","Latin America & Caribbean","Brasilia","-47.9292","-15.7801","Upper middle income","IBRD"
"Brazil","BR","BRA",2015,51.9,"","2025-01-28","Latin America & Caribbean","Brasilia","-47.9292","-15.7801","Upper middle income","IBRD"
"Brazil","BR","BRA",2022,52,"","2025-01-28","Latin America & Caribbean","Brasilia","-47.9292","-15.7801","Upper middle income","IBRD"
"Brazil","BR","BRA",2018,53.9,"","2025-01-28","Latin America & Caribbean","Brasilia","-47.9292","-15.7801","Upper middle income","IBRD"
"Brazil","BR","BRA",2003,57.6,"","2025-01-28","Latin America & Caribbean","Brasilia","-47.9292","-15.7801","Upper middle income","IBRD"
"Brazil","BR","BRA",2000,NA,"","2025-01-28","Latin America & Caribbean","Brasilia","-47.9292","-15.7801","Upper middle income","IBRD"
"Brazil","BR","BRA",2009,53.7,"","2025-01-28","Latin America & Caribbean","Brasilia","-47.9292","-15.7801","Upper middle income","IBRD"
"Brazil","BR","BRA",2006,55.6,"","2025-01-28","Latin America & Caribbean","Brasilia","-47.9292","-15.7801","Upper middle income","IBRD"
"Brunei Darussalam","BN","BRN",2006,NA,"","2025-01-28","East Asia & Pacific","Bandar Seri Begawan","114.946","4.94199","High income","Not classified"
"Brunei Darussalam","BN","BRN",2000,NA,"","2025-01-28","East Asia & Pacific","Bandar Seri Begawan","114.946","4.94199","High income","Not classified"
"Brunei Darussalam","BN","BRN",2012,NA,"","2025-01-28","East Asia & Pacific","Bandar Seri Begawan","114.946","4.94199","High income","Not classified"
"Brunei Darussalam","BN","BRN",2022,NA,"","2025-01-28","East Asia & Pacific","Bandar Seri Begawan","114.946","4.94199","High income","Not classified"
"Brunei Darussalam","BN","BRN",2018,NA,"","2025-01-28","East Asia & Pacific","Bandar Seri Begawan","114.946","4.94199","High income","Not classified"
"Brunei Darussalam","BN","BRN",2003,NA,"","2025-01-28","East Asia & Pacific","Bandar Seri Begawan","114.946","4.94199","High income","Not classified"
"Brunei Darussalam","BN","BRN",2009,NA,"","2025-01-28","East Asia & Pacific","Bandar Seri Begawan","114.946","4.94199","High income","Not classified"
"Brunei Darussalam","BN","BRN",2015,NA,"","2025-01-28","East Asia & Pacific","Bandar Seri Begawan","114.946","4.94199","High income","Not classified"
"Bulgaria","BG","BGR",2012,36,"","2025-01-28","Europe & Central Asia","Sofia","23.3238","42.7105","Upper middle income","IBRD"
"Bulgaria","BG","BGR",2015,38.6,"","2025-01-28","Europe & Central Asia","Sofia","23.3238","42.7105","Upper middle income","IBRD"
"Bulgaria","BG","BGR",2022,NA,"","2025-01-28","Europe & Central Asia","Sofia","23.3238","42.7105","Upper middle income","IBRD"
"Bulgaria","BG","BGR",2009,33.8,"","2025-01-28","Europe & Central Asia","Sofia","23.3238","42.7105","Upper middle income","IBRD"
"Bulgaria","BG","BGR",2018,41.3,"","2025-01-28","Europe & Central Asia","Sofia","23.3238","42.7105","Upper middle income","IBRD"
"Bulgaria","BG","BGR",2003,NA,"","2025-01-28","Europe & Central Asia","Sofia","23.3238","42.7105","Upper middle income","IBRD"
"Bulgaria","BG","BGR",2000,NA,"","2025-01-28","Europe & Central Asia","Sofia","23.3238","42.7105","Upper middle income","IBRD"
"Bulgaria","BG","BGR",2006,35.7,"","2025-01-28","Europe & Central Asia","Sofia","23.3238","42.7105","Upper middle income","IBRD"
"Cambodia","KH","KHM",2022,NA,"","2025-01-28","East Asia & Pacific","Phnom Penh","104.874","11.5556","Lower middle income","IDA"
"Cambodia","KH","KHM",2009,NA,"","2025-01-28","East Asia & Pacific","Phnom Penh","104.874","11.5556","Lower middle income","IDA"
"Cambodia","KH","KHM",2018,NA,"","2025-01-28","East Asia & Pacific","Phnom Penh","104.874","11.5556","Lower middle income","IDA"
"Cambodia","KH","KHM",2015,NA,"","2025-01-28","East Asia & Pacific","Phnom Penh","104.874","11.5556","Lower middle income","IDA"
"Cambodia","KH","KHM",2012,NA,"","2025-01-28","East Asia & Pacific","Phnom Penh","104.874","11.5556","Lower middle income","IDA"
"Cambodia","KH","KHM",2006,NA,"","2025-01-28","East Asia & Pacific","Phnom Penh","104.874","11.5556","Lower middle income","IDA"
"Cambodia","KH","KHM",2003,NA,"","2025-01-28","East Asia & Pacific","Phnom Penh","104.874","11.5556","Lower middle income","IDA"
"Cambodia","KH","KHM",2000,NA,"","2025-01-28","East Asia & Pacific","Phnom Penh","104.874","11.5556","Lower middle income","IDA"
"Canada","CA","CAN",2018,32.5,"","2025-01-28","North America","Ottawa","-75.6919","45.4215","High income","Not classified"
"Canada","CA","CAN",2022,NA,"","2025-01-28","North America","Ottawa","-75.6919","45.4215","High income","Not classified"
"Canada","CA","CAN",2009,34,"","2025-01-28","North America","Ottawa","-75.6919","45.4215","High income","Not classified"
"Canada","CA","CAN",2006,34.1,"","2025-01-28","North America","Ottawa","-75.6919","45.4215","High income","Not classified"
"Canada","CA","CAN",2015,33.7,"","2025-01-28","North America","Ottawa","-75.6919","45.4215","High income","Not classified"
"Canada","CA","CAN",2003,33.8,"","2025-01-28","North America","Ottawa","-75.6919","45.4215","High income","Not classified"
"Canada","CA","CAN",2012,33.5,"","2025-01-28","North America","Ottawa","-75.6919","45.4215","High income","Not classified"
"Canada","CA","CAN",2000,33.4,"","2025-01-28","North America","Ottawa","-75.6919","45.4215","High income","Not classified"
"Chile","CL","CHL",2015,45.3,"","2025-01-28","Latin America & Caribbean","Santiago","-70.6475","-33.475","High income","IBRD"
"Chile","CL","CHL",2012,NA,"","2025-01-28","Latin America & Caribbean","Santiago","-70.6475","-33.475","High income","IBRD"
"Chile","CL","CHL",2022,43,"","2025-01-28","Latin America & Caribbean","Santiago","-70.6475","-33.475","High income","IBRD"
"Chile","CL","CHL",2009,47.4,"","2025-01-28","Latin America & Caribbean","Santiago","-70.6475","-33.475","High income","IBRD"
"Chile","CL","CHL",2018,NA,"","2025-01-28","Latin America & Caribbean","Santiago","-70.6475","-33.475","High income","IBRD"
"Chile","CL","CHL",2003,51.5,"","2025-01-28","Latin America & Caribbean","Santiago","-70.6475","-33.475","High income","IBRD"
"Chile","CL","CHL",2000,52.8,"","2025-01-28","Latin America & Caribbean","Santiago","-70.6475","-33.475","High income","IBRD"
"Chile","CL","CHL",2006,47.7,"","2025-01-28","Latin America & Caribbean","Santiago","-70.6475","-33.475","High income","IBRD"
"China","CN","CHN",2006,NA,"","2025-01-28","East Asia & Pacific","Beijing","116.286","40.0495","Upper middle income","IBRD"
"China","CN","CHN",2003,NA,"","2025-01-28","East Asia & Pacific","Beijing","116.286","40.0495","Upper middle income","IBRD"
"China","CN","CHN",2009,NA,"","2025-01-28","East Asia & Pacific","Beijing","116.286","40.0495","Upper middle income","IBRD"
"China","CN","CHN",2022,NA,"","2025-01-28","East Asia & Pacific","Beijing","116.286","40.0495","Upper middle income","IBRD"
"China","CN","CHN",2018,38.5,"","2025-01-28","East Asia & Pacific","Beijing","116.286","40.0495","Upper middle income","IBRD"
"China","CN","CHN",2015,38.6,"","2025-01-28","East Asia & Pacific","Beijing","116.286","40.0495","Upper middle income","IBRD"
"China","CN","CHN",2012,42.2,"","2025-01-28","East Asia & Pacific","Beijing","116.286","40.0495","Upper middle income","IBRD"
"China","CN","CHN",2000,NA,"","2025-01-28","East Asia & Pacific","Beijing","116.286","40.0495","Upper middle income","IBRD"
"Colombia","CO","COL",2000,58.4,"","2025-01-28","Latin America & Caribbean","Bogota","-74.082","4.60987","Upper middle income","IBRD"
"Colombia","CO","COL",2012,52.6,"","2025-01-28","Latin America & Caribbean","Bogota","-74.082","4.60987","Upper middle income","IBRD"
"Colombia","CO","COL",2018,50.4,"","2025-01-28","Latin America & Caribbean","Bogota","-74.082","4.60987","Upper middle income","IBRD"
"Colombia","CO","COL",2022,54.8,"","2025-01-28","Latin America & Caribbean","Bogota","-74.082","4.60987","Upper middle income","IBRD"
"Colombia","CO","COL",2006,NA,"","2025-01-28","Latin America & Caribbean","Bogota","-74.082","4.60987","Upper middle income","IBRD"
"Colombia","CO","COL",2015,51,"","2025-01-28","Latin America & Caribbean","Bogota","-74.082","4.60987","Upper middle income","IBRD"
"Colombia","CO","COL",2009,54.3,"","2025-01-28","Latin America & Caribbean","Bogota","-74.082","4.60987","Upper middle income","IBRD"
"Colombia","CO","COL",2003,53.6,"","2025-01-28","Latin America & Caribbean","Bogota","-74.082","4.60987","Upper middle income","IBRD"
"Costa Rica","CR","CRI",2012,48.4,"","2025-01-28","Latin America & Caribbean","San Jose","-84.0089","9.63701","Upper middle income","IBRD"
"Costa Rica","CR","CRI",2015,48.4,"","2025-01-28","Latin America & Caribbean","San Jose","-84.0089","9.63701","Upper middle income","IBRD"
"Costa Rica","CR","CRI",2022,47.2,"","2025-01-28","Latin America & Caribbean","San Jose","-84.0089","9.63701","Upper middle income","IBRD"
"Costa Rica","CR","CRI",2018,48,"","2025-01-28","Latin America & Caribbean","San Jose","-84.0089","9.63701","Upper middle income","IBRD"
"Costa Rica","CR","CRI",2003,49.3,"","2025-01-28","Latin America & Caribbean","San Jose","-84.0089","9.63701","Upper middle income","IBRD"
"Costa Rica","CR","CRI",2000,47.4,"","2025-01-28","Latin America & Caribbean","San Jose","-84.0089","9.63701","Upper middle income","IBRD"
"Costa Rica","CR","CRI",2009,50.6,"","2025-01-28","Latin America & Caribbean","San Jose","-84.0089","9.63701","Upper middle income","IBRD"
"Costa Rica","CR","CRI",2006,49.3,"","2025-01-28","Latin America & Caribbean","San Jose","-84.0089","9.63701","Upper middle income","IBRD"
"Croatia","HR","HRV",2003,NA,"","2025-01-28","Europe & Central Asia","Zagreb","15.9614","45.8069","High income","IBRD"
"Croatia","HR","HRV",2022,NA,"","2025-01-28","Europe & Central Asia","Zagreb","15.9614","45.8069","High income","IBRD"
"Croatia","HR","HRV",2018,29.7,"","2025-01-28","Europe & Central Asia","Zagreb","15.9614","45.8069","High income","IBRD"
"Croatia","HR","HRV",2015,31.1,"","2025-01-28","Europe & Central Asia","Zagreb","15.9614","45.8069","High income","IBRD"
"Croatia","HR","HRV",2000,NA,"","2025-01-28","Europe & Central Asia","Zagreb","15.9614","45.8069","High income","IBRD"
"Croatia","HR","HRV",2012,32.5,"","2025-01-28","Europe & Central Asia","Zagreb","15.9614","45.8069","High income","IBRD"
"Croatia","HR","HRV",2009,32.6,"","2025-01-28","Europe & Central Asia","Zagreb","15.9614","45.8069","High income","IBRD"
"Croatia","HR","HRV",2006,NA,"","2025-01-28","Europe & Central Asia","Zagreb","15.9614","45.8069","High income","IBRD"
"Czechia","CZ","CZE",2018,25,"","2025-01-28",NA,NA,NA,NA,NA,NA
"Czechia","CZ","CZE",2022,NA,"","2025-01-28",NA,NA,NA,NA,NA,NA
"Czechia","CZ","CZE",2006,26.7,"","2025-01-28",NA,NA,NA,NA,NA,NA
"Czechia","CZ","CZE",2015,25.9,"","2025-01-28",NA,NA,NA,NA,NA,NA
"Czechia","CZ","CZE",2012,26.1,"","2025-01-28",NA,NA,NA,NA,NA,NA
"Czechia","CZ","CZE",2009,26.2,"","2025-01-28",NA,NA,NA,NA,NA,NA
"Czechia","CZ","CZE",2003,NA,"","2025-01-28",NA,NA,NA,NA,NA,NA
"Czechia","CZ","CZE",2000,NA,"","2025-01-28",NA,NA,NA,NA,NA,NA
"Denmark","DK","DNK",2012,27.8,"","2025-01-28","Europe & Central Asia","Copenhagen","12.5681","55.6763","High income","Not classified"
"Denmark","DK","DNK",2009,26.7,"","2025-01-28","Europe & Central Asia","Copenhagen","12.5681","55.6763","High income","Not classified"
"Denmark","DK","DNK",2006,25.9,"","2025-01-28","Europe & Central Asia","Copenhagen","12.5681","55.6763","High income","Not classified"
"Denmark","DK","DNK",2003,25.6,"","2025-01-28","Europe & Central Asia","Copenhagen","12.5681","55.6763","High income","Not classified"
"Denmark","DK","DNK",2000,23.8,"","2025-01-28","Europe & Central Asia","Copenhagen","12.5681","55.6763","High income","Not classified"
"Denmark","DK","DNK",2022,NA,"","2025-01-28","Europe & Central Asia","Copenhagen","12.5681","55.6763","High income","Not classified"
"Denmark","DK","DNK",2015,28.2,"","2025-01-28","Europe & Central Asia","Copenhagen","12.5681","55.6763","High income","Not classified"
"Denmark","DK","DNK",2018,28.2,"","2025-01-28","Europe & Central Asia","Copenhagen","12.5681","55.6763","High income","Not classified"
"Dominican Republic","DO","DOM",2018,43.7,"","2025-01-28","Latin America & Caribbean","Santo Domingo","-69.8908","18.479","Upper middle income","IBRD"
"Dominican Republic","DO","DOM",2022,37,"","2025-01-28","Latin America & Caribbean","Santo Domingo","-69.8908","18.479","Upper middle income","IBRD"
"Dominican Republic","DO","DOM",2006,52,"","2025-01-28","Latin America & Caribbean","Santo Domingo","-69.8908","18.479","Upper middle income","IBRD"
"Dominican Republic","DO","DOM",2015,45.2,"","2025-01-28","Latin America & Caribbean","Santo Domingo","-69.8908","18.479","Upper middle income","IBRD"
"Dominican Republic","DO","DOM",2012,46.1,"","2025-01-28","Latin America & Caribbean","Santo Domingo","-69.8908","18.479","Upper middle income","IBRD"
"Dominican Republic","DO","DOM",2009,48.9,"","2025-01-28","Latin America & Caribbean","Santo Domingo","-69.8908","18.479","Upper middle income","IBRD"
"Dominican Republic","DO","DOM",2003,52.1,"","2025-01-28","Latin America & Caribbean","Santo Domingo","-69.8908","18.479","Upper middle income","IBRD"
"Dominican Republic","DO","DOM",2000,51.5,"","2025-01-28","Latin America & Caribbean","Santo Domingo","-69.8908","18.479","Upper middle income","IBRD"
"El Salvador","SV","SLV",2022,38.8,"","2025-01-28","Latin America & Caribbean","San Salvador","-89.2073","13.7034","Lower middle income","IBRD"
"El Salvador","SV","SLV",2006,45.7,"","2025-01-28","Latin America & Caribbean","San Salvador","-89.2073","13.7034","Lower middle income","IBRD"
"El Salvador","SV","SLV",2018,38.6,"","2025-01-28","Latin America & Caribbean","San Salvador","-89.2073","13.7034","Lower middle income","IBRD"
"El Salvador","SV","SLV",2015,40.6,"","2025-01-28","Latin America & Caribbean","San Salvador","-89.2073","13.7034","Lower middle income","IBRD"
"El Salvador","SV","SLV",2012,41.8,"","2025-01-28","Latin America & Caribbean","San Salvador","-89.2073","13.7034","Lower middle income","IBRD"
"El Salvador","SV","SLV",2009,45.8,"","2025-01-28","Latin America & Caribbean","San Salvador","-89.2073","13.7034","Lower middle income","IBRD"
"El Salvador","SV","SLV",2003,50.4,"","2025-01-28","Latin America & Caribbean","San Salvador","-89.2073","13.7034","Lower middle income","IBRD"
"El Salvador","SV","SLV",2000,51.5,"","2025-01-28","Latin America & Caribbean","San Salvador","-89.2073","13.7034","Lower middle income","IBRD"
"Estonia","EE","EST",2022,NA,"","2025-01-28","Europe & Central Asia","Tallinn","24.7586","59.4392","High income","Not classified"
"Estonia","EE","EST",2009,31.4,"","2025-01-28","Europe & Central Asia","Tallinn","24.7586","59.4392","High income","Not classified"
"Estonia","EE","EST",2018,30.3,"","2025-01-28","Europe & Central Asia","Tallinn","24.7586","59.4392","High income","Not classified"
"Estonia","EE","EST",2015,32.7,"","2025-01-28","Europe & Central Asia","Tallinn","24.7586","59.4392","High income","Not classified"
"Estonia","EE","EST",2012,32.9,"","2025-01-28","Europe & Central Asia","Tallinn","24.7586","59.4392","High income","Not classified"
"Estonia","EE","EST",2003,37.2,"","2025-01-28","Europe & Central Asia","Tallinn","24.7586","59.4392","High income","Not classified"
"Estonia","EE","EST",2006,33.7,"","2025-01-28","Europe & Central Asia","Tallinn","24.7586","59.4392","High income","Not classified"
"Estonia","EE","EST",2000,NA,"","2025-01-28","Europe & Central Asia","Tallinn","24.7586","59.4392","High income","Not classified"
"Finland","FI","FIN",2006,28,"","2025-01-28","Europe & Central Asia","Helsinki","24.9525","60.1608","High income","Not classified"
"Finland","FI","FIN",2003,27.7,"","2025-01-28","Europe & Central Asia","Helsinki","24.9525","60.1608","High income","Not classified"
"Finland","FI","FIN",2022,NA,"","2025-01-28","Europe & Central Asia","Helsinki","24.9525","60.1608","High income","Not classified"
"Finland","FI","FIN",2018,27.3,"","2025-01-28","Europe & Central Asia","Helsinki","24.9525","60.1608","High income","Not classified"
"Finland","FI","FIN",2000,27.2,"","2025-01-28","Europe & Central Asia","Helsinki","24.9525","60.1608","High income","Not classified"
"Finland","FI","FIN",2015,27.1,"","2025-01-28","Europe & Central Asia","Helsinki","24.9525","60.1608","High income","Not classified"
"Finland","FI","FIN",2012,27.1,"","2025-01-28","Europe & Central Asia","Helsinki","24.9525","60.1608","High income","Not classified"
"Finland","FI","FIN",2009,27.5,"","2025-01-28","Europe & Central Asia","Helsinki","24.9525","60.1608","High income","Not classified"
"France","FR","FRA",2012,33.1,"","2025-01-28","Europe & Central Asia","Paris","2.35097","48.8566","High income","Not classified"
"France","FR","FRA",2022,NA,"","2025-01-28","Europe & Central Asia","Paris","2.35097","48.8566","High income","Not classified"
"France","FR","FRA",2018,32.4,"","2025-01-28","Europe & Central Asia","Paris","2.35097","48.8566","High income","Not classified"
"France","FR","FRA",2015,32.7,"","2025-01-28","Europe & Central Asia","Paris","2.35097","48.8566","High income","Not classified"
"France","FR","FRA",2000,32.6,"","2025-01-28","Europe & Central Asia","Paris","2.35097","48.8566","High income","Not classified"
"France","FR","FRA",2009,32.7,"","2025-01-28","Europe & Central Asia","Paris","2.35097","48.8566","High income","Not classified"
"France","FR","FRA",2003,31.4,"","2025-01-28","Europe & Central Asia","Paris","2.35097","48.8566","High income","Not classified"
"France","FR","FRA",2006,29.7,"","2025-01-28","Europe & Central Asia","Paris","2.35097","48.8566","High income","Not classified"
"Georgia","GE","GEO",2018,36.4,"","2025-01-28","Europe & Central Asia","Tbilisi","44.793","41.71","Upper middle income","IBRD"
"Georgia","GE","GEO",2022,33.5,"","2025-01-28","Europe & Central Asia","Tbilisi","44.793","41.71","Upper middle income","IBRD"
"Georgia","GE","GEO",2006,36.9,"","2025-01-28","Europe & Central Asia","Tbilisi","44.793","41.71","Upper middle income","IBRD"
"Georgia","GE","GEO",2015,36.5,"","2025-01-28","Europe & Central Asia","Tbilisi","44.793","41.71","Upper middle income","IBRD"
"Georgia","GE","GEO",2012,39,"","2025-01-28","Europe & Central Asia","Tbilisi","44.793","41.71","Upper middle income","IBRD"
"Georgia","GE","GEO",2009,38.2,"","2025-01-28","Europe & Central Asia","Tbilisi","44.793","41.71","Upper middle income","IBRD"
"Georgia","GE","GEO",2003,36.7,"","2025-01-28","Europe & Central Asia","Tbilisi","44.793","41.71","Upper middle income","IBRD"
"Georgia","GE","GEO",2000,40.5,"","2025-01-28","Europe & Central Asia","Tbilisi","44.793","41.71","Upper middle income","IBRD"
"Germany","DE","DEU",2015,31.7,"","2025-01-28","Europe & Central Asia","Berlin","13.4115","52.5235","High income","Not classified"
"Germany","DE","DEU",2022,NA,"","2025-01-28","Europe & Central Asia","Berlin","13.4115","52.5235","High income","Not classified"
"Germany","DE","DEU",2018,31.9,"","2025-01-28","Europe & Central Asia","Berlin","13.4115","52.5235","High income","Not classified"
"Germany","DE","DEU",2003,29.8,"","2025-01-28","Europe & Central Asia","Berlin","13.4115","52.5235","High income","Not classified"
"Germany","DE","DEU",2000,28.9,"","2025-01-28","Europe & Central Asia","Berlin","13.4115","52.5235","High income","Not classified"
"Germany","DE","DEU",2012,31.1,"","2025-01-28","Europe & Central Asia","Berlin","13.4115","52.5235","High income","Not classified"
"Germany","DE","DEU",2009,30.5,"","2025-01-28","Europe & Central Asia","Berlin","13.4115","52.5235","High income","Not classified"
"Germany","DE","DEU",2006,31,"","2025-01-28","Europe & Central Asia","Berlin","13.4115","52.5235","High income","Not classified"
"Greece","GR","GRC",2015,36,"","2025-01-28","Europe & Central Asia","Athens","23.7166","37.9792","High income","Not classified"
"Greece","GR","GRC",2006,35.1,"","2025-01-28","Europe & Central Asia","Athens","23.7166","37.9792","High income","Not classified"
"Greece","GR","GRC",2003,32.8,"","2025-01-28","Europe & Central Asia","Athens","23.7166","37.9792","High income","Not classified"
"Greece","GR","GRC",2000,34.2,"","2025-01-28","Europe & Central Asia","Athens","23.7166","37.9792","High income","Not classified"
"Greece","GR","GRC",2012,36.3,"","2025-01-28","Europe & Central Asia","Athens","23.7166","37.9792","High income","Not classified"
"Greece","GR","GRC",2009,33.6,"","2025-01-28","Europe & Central Asia","Athens","23.7166","37.9792","High income","Not classified"
"Greece","GR","GRC",2022,NA,"","2025-01-28","Europe & Central Asia","Athens","23.7166","37.9792","High income","Not classified"
"Greece","GR","GRC",2018,32.9,"","2025-01-28","Europe & Central Asia","Athens","23.7166","37.9792","High income","Not classified"
"Guatemala","GT","GTM",2000,54.2,"","2025-01-28","Latin America & Caribbean","Guatemala City","-90.5328","14.6248","Upper middle income","IBRD"
"Guatemala","GT","GTM",2012,NA,"","2025-01-28","Latin America & Caribbean","Guatemala City","-90.5328","14.6248","Upper middle income","IBRD"
"Guatemala","GT","GTM",2022,NA,"","2025-01-28","Latin America & Caribbean","Guatemala City","-90.5328","14.6248","Upper middle income","IBRD"
"Guatemala","GT","GTM",2018,NA,"","2025-01-28","Latin America & Caribbean","Guatemala City","-90.5328","14.6248","Upper middle income","IBRD"
"Guatemala","GT","GTM",2015,NA,"","2025-01-28","Latin America & Caribbean","Guatemala City","-90.5328","14.6248","Upper middle income","IBRD"
"Guatemala","GT","GTM",2009,NA,"","2025-01-28","Latin America & Caribbean","Guatemala City","-90.5328","14.6248","Upper middle income","IBRD"
"Guatemala","GT","GTM",2006,54.6,"","2025-01-28","Latin America & Caribbean","Guatemala City","-90.5328","14.6248","Upper middle income","IBRD"
"Guatemala","GT","GTM",2003,NA,"","2025-01-28","Latin America & Caribbean","Guatemala City","-90.5328","14.6248","Upper middle income","IBRD"
"Hong Kong SAR, China","HK","HKG",2018,NA,"","2025-01-28","East Asia & Pacific","","114.109","22.3964","High income","Not classified"
"Hong Kong SAR, China","HK","HKG",2006,NA,"","2025-01-28","East Asia & Pacific","","114.109","22.3964","High income","Not classified"
"Hong Kong SAR, China","HK","HKG",2015,NA,"","2025-01-28","East Asia & Pacific","","114.109","22.3964","High income","Not classified"
"Hong Kong SAR, China","HK","HKG",2012,NA,"","2025-01-28","East Asia & Pacific","","114.109","22.3964","High income","Not classified"
"Hong Kong SAR, China","HK","HKG",2009,NA,"","2025-01-28","East Asia & Pacific","","114.109","22.3964","High income","Not classified"
"Hong Kong SAR, China","HK","HKG",2022,NA,"","2025-01-28","East Asia & Pacific","","114.109","22.3964","High income","Not classified"
"Hong Kong SAR, China","HK","HKG",2003,NA,"","2025-01-28","East Asia & Pacific","","114.109","22.3964","High income","Not classified"
"Hong Kong SAR, China","HK","HKG",2000,NA,"","2025-01-28","East Asia & Pacific","","114.109","22.3964","High income","Not classified"
"Hungary","HU","HUN",2012,30.8,"","2025-01-28","Europe & Central Asia","Budapest","19.0408","47.4984","High income","Not classified"
"Hungary","HU","HUN",2022,NA,"","2025-01-28","Europe & Central Asia","Budapest","19.0408","47.4984","High income","Not classified"
"Hungary","HU","HUN",2018,29.6,"","2025-01-28","Europe & Central Asia","Budapest","19.0408","47.4984","High income","Not classified"
"Hungary","HU","HUN",2015,30.4,"","2025-01-28","Europe & Central Asia","Budapest","19.0408","47.4984","High income","Not classified"
"Hungary","HU","HUN",2000,NA,"","2025-01-28","Europe & Central Asia","Budapest","19.0408","47.4984","High income","Not classified"
"Hungary","HU","HUN",2009,27,"","2025-01-28","Europe & Central Asia","Budapest","19.0408","47.4984","High income","Not classified"
"Hungary","HU","HUN",2003,NA,"","2025-01-28","Europe & Central Asia","Budapest","19.0408","47.4984","High income","Not classified"
"Hungary","HU","HUN",2006,28.3,"","2025-01-28","Europe & Central Asia","Budapest","19.0408","47.4984","High income","Not classified"
"Iceland","IS","ISL",2015,26.8,"","2025-01-28","Europe & Central Asia","Reykjavik","-21.8952","64.1353","High income","Not classified"
"Iceland","IS","ISL",2012,26.8,"","2025-01-28","Europe & Central Asia","Reykjavik","-21.8952","64.1353","High income","Not classified"
"Iceland","IS","ISL",2006,30.2,"","2025-01-28","Europe & Central Asia","Reykjavik","-21.8952","64.1353","High income","Not classified"
"Iceland","IS","ISL",2003,26.8,"","2025-01-28","Europe & Central Asia","Reykjavik","-21.8952","64.1353","High income","Not classified"
"Iceland","IS","ISL",2000,NA,"","2025-01-28","Europe & Central Asia","Reykjavik","-21.8952","64.1353","High income","Not classified"
"Iceland","IS","ISL",2009,28.7,"","2025-01-28","Europe & Central Asia","Reykjavik","-21.8952","64.1353","High income","Not classified"
"Iceland","IS","ISL",2022,NA,"","2025-01-28","Europe & Central Asia","Reykjavik","-21.8952","64.1353","High income","Not classified"
"Iceland","IS","ISL",2018,NA,"","2025-01-28","Europe & Central Asia","Reykjavik","-21.8952","64.1353","High income","Not classified"
"Indonesia","ID","IDN",2009,33.4,"","2025-01-28","East Asia & Pacific","Jakarta","106.83","-6.19752","Lower middle income","IBRD"
"Indonesia","ID","IDN",2022,35.5,"","2025-01-28","East Asia & Pacific","Jakarta","106.83","-6.19752","Lower middle income","IBRD"
"Indonesia","ID","IDN",2006,31.5,"","2025-01-28","East Asia & Pacific","Jakarta","106.83","-6.19752","Lower middle income","IBRD"
"Indonesia","ID","IDN",2003,29.3,"","2025-01-28","East Asia & Pacific","Jakarta","106.83","-6.19752","Lower middle income","IBRD"
"Indonesia","ID","IDN",2000,30.3,"","2025-01-28","East Asia & Pacific","Jakarta","106.83","-6.19752","Lower middle income","IBRD"
"Indonesia","ID","IDN",2012,37.1,"","2025-01-28","East Asia & Pacific","Jakarta","106.83","-6.19752","Lower middle income","IBRD"
"Indonesia","ID","IDN",2018,36.3,"","2025-01-28","East Asia & Pacific","Jakarta","106.83","-6.19752","Lower middle income","IBRD"
"Indonesia","ID","IDN",2015,38.2,"","2025-01-28","East Asia & Pacific","Jakarta","106.83","-6.19752","Lower middle income","IBRD"
"Ireland","IE","IRL",2018,30.6,"","2025-01-28","Europe & Central Asia","Dublin","-6.26749","53.3441","High income","Not classified"
"Ireland","IE","IRL",2022,NA,"","2025-01-28","Europe & Central Asia","Dublin","-6.26749","53.3441","High income","Not classified"
"Ireland","IE","IRL",2006,32.7,"","2025-01-28","Europe & Central Asia","Dublin","-6.26749","53.3441","High income","Not classified"
"Ireland","IE","IRL",2015,31.8,"","2025-01-28","Europe & Central Asia","Dublin","-6.26749","53.3441","High income","Not classified"
"Ireland","IE","IRL",2012,33.2,"","2025-01-28","Europe & Central Asia","Dublin","-6.26749","53.3441","High income","Not classified"
"Ireland","IE","IRL",2009,32.7,"","2025-01-28","Europe & Central Asia","Dublin","-6.26749","53.3441","High income","Not classified"
"Ireland","IE","IRL",2000,33,"","2025-01-28","Europe & Central Asia","Dublin","-6.26749","53.3441","High income","Not classified"
"Ireland","IE","IRL",2003,32.9,"","2025-01-28","Europe & Central Asia","Dublin","-6.26749","53.3441","High income","Not classified"
"Israel","IL","ISR",2022,NA,"","2025-01-28","Middle East & North Africa","","35.2035","31.7717","High income","Not classified"
"Israel","IL","ISR",2012,41.3,"","2025-01-28","Middle East & North Africa","","35.2035","31.7717","High income","Not classified"
"Israel","IL","ISR",2009,42.6,"","2025-01-28","Middle East & North Africa","","35.2035","31.7717","High income","Not classified"
"Israel","IL","ISR",2018,38.6,"","2025-01-28","Middle East & North Africa","","35.2035","31.7717","High income","Not classified"
"Israel","IL","ISR",2015,39.7,"","2025-01-28","Middle East & North Africa","","35.2035","31.7717","High income","Not classified"
"Israel","IL","ISR",2006,41.6,"","2025-01-28","Middle East & North Africa","","35.2035","31.7717","High income","Not classified"
"Israel","IL","ISR",2003,40.7,"","2025-01-28","Middle East & North Africa","","35.2035","31.7717","High income","Not classified"
"Israel","IL","ISR",2000,NA,"","2025-01-28","Middle East & North Africa","","35.2035","31.7717","High income","Not classified"
"Italy","IT","ITA",2018,35.2,"","2025-01-28","Europe & Central Asia","Rome","12.4823","41.8955","High income","Not classified"
"Italy","IT","ITA",2006,33.7,"","2025-01-28","Europe & Central Asia","Rome","12.4823","41.8955","High income","Not classified"
"Italy","IT","ITA",2015,35.4,"","2025-01-28","Europe & Central Asia","Rome","12.4823","41.8955","High income","Not classified"
"Italy","IT","ITA",2012,35.2,"","2025-01-28","Europe & Central Asia","Rome","12.4823","41.8955","High income","Not classified"
"Italy","IT","ITA",2009,33.8,"","2025-01-28","Europe & Central Asia","Rome","12.4823","41.8955","High income","Not classified"
"Italy","IT","ITA",2022,NA,"","2025-01-28","Europe & Central Asia","Rome","12.4823","41.8955","High income","Not classified"
"Italy","IT","ITA",2003,34.9,"","2025-01-28","Europe & Central Asia","Rome","12.4823","41.8955","High income","Not classified"
"Italy","IT","ITA",2000,35.2,"","2025-01-28","Europe & Central Asia","Rome","12.4823","41.8955","High income","Not classified"
"Jamaica","JM","JAM",2003,NA,"","2025-01-28","Latin America & Caribbean","Kingston","-76.792","17.9927","Upper middle income","IBRD"
"Jamaica","JM","JAM",2022,NA,"","2025-01-28","Latin America & Caribbean","Kingston","-76.792","17.9927","Upper middle income","IBRD"
"Jamaica","JM","JAM",2018,35.6,"","2025-01-28","Latin America & Caribbean","Kingston","-76.792","17.9927","Upper middle income","IBRD"
"Jamaica","JM","JAM",2015,NA,"","2025-01-28","Latin America & Caribbean","Kingston","-76.792","17.9927","Upper middle income","IBRD"
"Jamaica","JM","JAM",2000,NA,"","2025-01-28","Latin America & Caribbean","Kingston","-76.792","17.9927","Upper middle income","IBRD"
"Jamaica","JM","JAM",2012,NA,"","2025-01-28","Latin America & Caribbean","Kingston","-76.792","17.9927","Upper middle income","IBRD"
"Jamaica","JM","JAM",2009,NA,"","2025-01-28","Latin America & Caribbean","Kingston","-76.792","17.9927","Upper middle income","IBRD"
"Jamaica","JM","JAM",2006,NA,"","2025-01-28","Latin America & Caribbean","Kingston","-76.792","17.9927","Upper middle income","IBRD"
"Japan","JP","JPN",2006,NA,"","2025-01-28","East Asia & Pacific","Tokyo","139.77","35.67","High income","Not classified"
"Japan","JP","JPN",2009,NA,"","2025-01-28","East Asia & Pacific","Tokyo","139.77","35.67","High income","Not classified"
"Japan","JP","JPN",2022,NA,"","2025-01-28","East Asia & Pacific","Tokyo","139.77","35.67","High income","Not classified"
"Japan","JP","JPN",2003,NA,"","2025-01-28","East Asia & Pacific","Tokyo","139.77","35.67","High income","Not classified"
"Japan","JP","JPN",2000,NA,"","2025-01-28","East Asia & Pacific","Tokyo","139.77","35.67","High income","Not classified"
"Japan","JP","JPN",2015,NA,"","2025-01-28","East Asia & Pacific","Tokyo","139.77","35.67","High income","Not classified"
"Japan","JP","JPN",2012,NA,"","2025-01-28","East Asia & Pacific","Tokyo","139.77","35.67","High income","Not classified"
"Japan","JP","JPN",2018,NA,"","2025-01-28","East Asia & Pacific","Tokyo","139.77","35.67","High income","Not classified"
"Jordan","JO","JOR",2012,NA,"","2025-01-28","Middle East & North Africa","Amman","35.9263","31.9497","Upper middle income","IBRD"
"Jordan","JO","JOR",2022,NA,"","2025-01-28","Middle East & North Africa","Amman","35.9263","31.9497","Upper middle income","IBRD"
"Jordan","JO","JOR",2018,NA,"","2025-01-28","Middle East & North Africa","Amman","35.9263","31.9497","Upper middle income","IBRD"
"Jordan","JO","JOR",2015,NA,"","2025-01-28","Middle East & North Africa","Amman","35.9263","31.9497","Upper middle income","IBRD"
"Jordan","JO","JOR",2003,NA,"","2025-01-28","Middle East & North Africa","Amman","35.9263","31.9497","Upper middle income","IBRD"
"Jordan","JO","JOR",2000,NA,"","2025-01-28","Middle East & North Africa","Amman","35.9263","31.9497","Upper middle income","IBRD"
"Jordan","JO","JOR",2009,NA,"","2025-01-28","Middle East & North Africa","Amman","35.9263","31.9497","Upper middle income","IBRD"
"Jordan","JO","JOR",2006,33.9,"","2025-01-28","Middle East & North Africa","Amman","35.9263","31.9497","Upper middle income","IBRD"
"Kazakhstan","KZ","KAZ",2015,26.8,"","2025-01-28","Europe & Central Asia","Astana","71.4382","51.1879","Upper middle income","IBRD"
"Kazakhstan","KZ","KAZ",2022,NA,"","2025-01-28","Europe & Central Asia","Astana","71.4382","51.1879","Upper middle income","IBRD"
"Kazakhstan","KZ","KAZ",2018,27.8,"","2025-01-28","Europe & Central Asia","Astana","71.4382","51.1879","Upper middle income","IBRD"
"Kazakhstan","KZ","KAZ",2003,33.7,"","2025-01-28","Europe & Central Asia","Astana","71.4382","51.1879","Upper middle income","IBRD"
"Kazakhstan","KZ","KAZ",2012,28.2,"","2025-01-28","Europe & Central Asia","Astana","71.4382","51.1879","Upper middle income","IBRD"
"Kazakhstan","KZ","KAZ",2009,28.2,"","2025-01-28","Europe & Central Asia","Astana","71.4382","51.1879","Upper middle income","IBRD"
"Kazakhstan","KZ","KAZ",2006,30.2,"","2025-01-28","Europe & Central Asia","Astana","71.4382","51.1879","Upper middle income","IBRD"
"Kazakhstan","KZ","KAZ",2000,NA,"","2025-01-28","Europe & Central Asia","Astana","71.4382","51.1879","Upper middle income","IBRD"
"Korea, Rep.","KR","KOR",2018,33.7,"","2025-01-28","East Asia & Pacific","Seoul","126.957","37.5323","High income","Not classified"
"Korea, Rep.","KR","KOR",2006,31.7,"","2025-01-28","East Asia & Pacific","Seoul","126.957","37.5323","High income","Not classified"
"Korea, Rep.","KR","KOR",2015,NA,"","2025-01-28","East Asia & Pacific","Seoul","126.957","37.5323","High income","Not classified"
"Korea, Rep.","KR","KOR",2012,31.6,"","2025-01-28","East Asia & Pacific","Seoul","126.957","37.5323","High income","Not classified"
"Korea, Rep.","KR","KOR",2009,NA,"","2025-01-28","East Asia & Pacific","Seoul","126.957","37.5323","High income","Not classified"
"Korea, Rep.","KR","KOR",2022,NA,"","2025-01-28","East Asia & Pacific","Seoul","126.957","37.5323","High income","Not classified"
"Korea, Rep.","KR","KOR",2000,NA,"","2025-01-28","East Asia & Pacific","Seoul","126.957","37.5323","High income","Not classified"
"Korea, Rep.","KR","KOR",2003,NA,"","2025-01-28","East Asia & Pacific","Seoul","126.957","37.5323","High income","Not classified"
"Kosovo","XK","XKX",2022,NA,"","2025-01-28","Europe & Central Asia","Pristina","20.926","42.565","Upper middle income","IDA"
"Kosovo","XK","XKX",2018,NA,"","2025-01-28","Europe & Central Asia","Pristina","20.926","42.565","Upper middle income","IDA"
"Kosovo","XK","XKX",2015,26.5,"","2025-01-28","Europe & Central Asia","Pristina","20.926","42.565","Upper middle income","IDA"
"Kosovo","XK","XKX",2012,29,"","2025-01-28","Europe & Central Asia","Pristina","20.926","42.565","Upper middle income","IDA"
"Kosovo","XK","XKX",2009,31.8,"","2025-01-28","Europe & Central Asia","Pristina","20.926","42.565","Upper middle income","IDA"
"Kosovo","XK","XKX",2006,30.3,"","2025-01-28","Europe & Central Asia","Pristina","20.926","42.565","Upper middle income","IDA"
"Kosovo","XK","XKX",2003,29,"","2025-01-28","Europe & Central Asia","Pristina","20.926","42.565","Upper middle income","IDA"
"Kosovo","XK","XKX",2000,NA,"","2025-01-28","Europe & Central Asia","Pristina","20.926","42.565","Upper middle income","IDA"
"Kyrgyz Republic","KG","KGZ",2012,27.4,"","2025-01-28","Europe & Central Asia","Bishkek","74.6057","42.8851","Lower middle income","IDA"
"Kyrgyz Republic","KG","KGZ",2006,37.4,"","2025-01-28","Europe & Central Asia","Bishkek","74.6057","42.8851","Lower middle income","IDA"
"Kyrgyz Republic","KG","KGZ",2003,28.7,"","2025-01-28","Europe & Central Asia","Bishkek","74.6057","42.8851","Lower middle income","IDA"
"Kyrgyz Republic","KG","KGZ",2000,31,"","2025-01-28","Europe & Central Asia","Bishkek","74.6057","42.8851","Lower middle income","IDA"
"Kyrgyz Republic","KG","KGZ",2022,26.4,"","2025-01-28","Europe & Central Asia","Bishkek","74.6057","42.8851","Lower middle income","IDA"
"Kyrgyz Republic","KG","KGZ",2009,29.9,"","2025-01-28","Europe & Central Asia","Bishkek","74.6057","42.8851","Lower middle income","IDA"
"Kyrgyz Republic","KG","KGZ",2018,27.7,"","2025-01-28","Europe & Central Asia","Bishkek","74.6057","42.8851","Lower middle income","IDA"
"Kyrgyz Republic","KG","KGZ",2015,29,"","2025-01-28","Europe & Central Asia","Bishkek","74.6057","42.8851","Lower middle income","IDA"
"Latvia","LV","LVA",2012,35.2,"","2025-01-28","Europe & Central Asia","Riga","24.1048","56.9465","High income","Not classified"
"Latvia","LV","LVA",2006,35.6,"","2025-01-28","Europe & Central Asia","Riga","24.1048","56.9465","High income","Not classified"
"Latvia","LV","LVA",2003,NA,"","2025-01-28","Europe & Central Asia","Riga","24.1048","56.9465","High income","Not classified"
"Latvia","LV","LVA",2000,NA,"","2025-01-28","Europe & Central Asia","Riga","24.1048","56.9465","High income","Not classified"
"Latvia","LV","LVA",2022,NA,"","2025-01-28","Europe & Central Asia","Riga","24.1048","56.9465","High income","Not classified"
"Latvia","LV","LVA",2009,35.9,"","2025-01-28","Europe & Central Asia","Riga","24.1048","56.9465","High income","Not classified"
"Latvia","LV","LVA",2018,35.1,"","2025-01-28","Europe & Central Asia","Riga","24.1048","56.9465","High income","Not classified"
"Latvia","LV","LVA",2015,34.2,"","2025-01-28","Europe & Central Asia","Riga","24.1048","56.9465","High income","Not classified"
"Lebanon","LB","LBN",2003,NA,"","2025-01-28","Middle East & North Africa","Beirut","35.5134","33.8872","Lower middle income","IBRD"
"Lebanon","LB","LBN",2000,NA,"","2025-01-28","Middle East & North Africa","Beirut","35.5134","33.8872","Lower middle income","IBRD"
"Lebanon","LB","LBN",2022,NA,"","2025-01-28","Middle East & North Africa","Beirut","35.5134","33.8872","Lower middle income","IBRD"
"Lebanon","LB","LBN",2018,NA,"","2025-01-28","Middle East & North Africa","Beirut","35.5134","33.8872","Lower middle income","IBRD"
"Lebanon","LB","LBN",2015,NA,"","2025-01-28","Middle East & North Africa","Beirut","35.5134","33.8872","Lower middle income","IBRD"
"Lebanon","LB","LBN",2012,NA,"","2025-01-28","Middle East & North Africa","Beirut","35.5134","33.8872","Lower middle income","IBRD"
"Lebanon","LB","LBN",2006,NA,"","2025-01-28","Middle East & North Africa","Beirut","35.5134","33.8872","Lower middle income","IBRD"
"Lebanon","LB","LBN",2009,NA,"","2025-01-28","Middle East & North Africa","Beirut","35.5134","33.8872","Lower middle income","IBRD"
"Liechtenstein","LI","LIE",2022,NA,"","2025-01-28","Europe & Central Asia","Vaduz","9.52148","47.1411","High income","Not classified"
"Liechtenstein","LI","LIE",2009,NA,"","2025-01-28","Europe & Central Asia","Vaduz","9.52148","47.1411","High income","Not classified"
"Liechtenstein","LI","LIE",2018,NA,"","2025-01-28","Europe & Central Asia","Vaduz","9.52148","47.1411","High income","Not classified"
"Liechtenstein","LI","LIE",2015,NA,"","2025-01-28","Europe & Central Asia","Vaduz","9.52148","47.1411","High income","Not classified"
"Liechtenstein","LI","LIE",2012,NA,"","2025-01-28","Europe & Central Asia","Vaduz","9.52148","47.1411","High income","Not classified"
"Liechtenstein","LI","LIE",2006,NA,"","2025-01-28","Europe & Central Asia","Vaduz","9.52148","47.1411","High income","Not classified"
"Liechtenstein","LI","LIE",2003,NA,"","2025-01-28","Europe & Central Asia","Vaduz","9.52148","47.1411","High income","Not classified"
"Liechtenstein","LI","LIE",2000,NA,"","2025-01-28","Europe & Central Asia","Vaduz","9.52148","47.1411","High income","Not classified"
"Lithuania","LT","LTU",2006,34.4,"","2025-01-28","Europe & Central Asia","Vilnius","25.2799","54.6896","High income","Not classified"
"Lithuania","LT","LTU",2022,NA,"","2025-01-28","Europe & Central Asia","Vilnius","25.2799","54.6896","High income","Not classified"
"Lithuania","LT","LTU",2003,NA,"","2025-01-28","Europe & Central Asia","Vilnius","25.2799","54.6896","High income","Not classified"
"Lithuania","LT","LTU",2000,NA,"","2025-01-28","Europe & Central Asia","Vilnius","25.2799","54.6896","High income","Not classified"
"Lithuania","LT","LTU",2012,35.1,"","2025-01-28","Europe & Central Asia","Vilnius","25.2799","54.6896","High income","Not classified"
"Lithuania","LT","LTU",2009,37.2,"","2025-01-28","Europe & Central Asia","Vilnius","25.2799","54.6896","High income","Not classified"
"Lithuania","LT","LTU",2015,37.4,"","2025-01-28","Europe & Central Asia","Vilnius","25.2799","54.6896","High income","Not classified"
"Lithuania","LT","LTU",2018,35.7,"","2025-01-28","Europe & Central Asia","Vilnius","25.2799","54.6896","High income","Not classified"
"Luxembourg","LU","LUX",2015,32.9,"","2025-01-28","Europe & Central Asia","Luxembourg","6.1296","49.61","High income","Not classified"
"Luxembourg","LU","LUX",2022,NA,"","2025-01-28","Europe & Central Asia","Luxembourg","6.1296","49.61","High income","Not classified"
"Luxembourg","LU","LUX",2018,35.4,"","2025-01-28","Europe & Central Asia","Luxembourg","6.1296","49.61","High income","Not classified"
"Luxembourg","LU","LUX",2003,30.2,"","2025-01-28","Europe & Central Asia","Luxembourg","6.1296","49.61","High income","Not classified"
"Luxembourg","LU","LUX",2012,34.3,"","2025-01-28","Europe & Central Asia","Luxembourg","6.1296","49.61","High income","Not classified"
"Luxembourg","LU","LUX",2009,31.2,"","2025-01-28","Europe & Central Asia","Luxembourg","6.1296","49.61","High income","Not classified"
"Luxembourg","LU","LUX",2006,30.9,"","2025-01-28","Europe & Central Asia","Luxembourg","6.1296","49.61","High income","Not classified"
"Luxembourg","LU","LUX",2000,30.1,"","2025-01-28","Europe & Central Asia","Luxembourg","6.1296","49.61","High income","Not classified"
"Macao SAR, China","MO","MAC",2022,NA,"","2025-01-28","East Asia & Pacific","","113.55","22.1667","High income","Not classified"
"Macao SAR, China","MO","MAC",2012,NA,"","2025-01-28","East Asia & Pacific","","113.55","22.1667","High income","Not classified"
"Macao SAR, China","MO","MAC",2009,NA,"","2025-01-28","East Asia & Pacific","","113.55","22.1667","High income","Not classified"
"Macao SAR, China","MO","MAC",2018,NA,"","2025-01-28","East Asia & Pacific","","113.55","22.1667","High income","Not classified"
"Macao SAR, China","MO","MAC",2015,NA,"","2025-01-28","East Asia & Pacific","","113.55","22.1667","High income","Not classified"
"Macao SAR, China","MO","MAC",2006,NA,"","2025-01-28","East Asia & Pacific","","113.55","22.1667","High income","Not classified"
"Macao SAR, China","MO","MAC",2000,NA,"","2025-01-28","East Asia & Pacific","","113.55","22.1667","High income","Not classified"
"Macao SAR, China","MO","MAC",2003,NA,"","2025-01-28","East Asia & Pacific","","113.55","22.1667","High income","Not classified"
"Malaysia","MY","MYS",2015,41.1,"","2025-01-28","East Asia & Pacific","Kuala Lumpur","101.684","3.12433","Upper middle income","IBRD"
"Malaysia","MY","MYS",2018,41.2,"","2025-01-28","East Asia & Pacific","Kuala Lumpur","101.684","3.12433","Upper middle income","IBRD"
"Malaysia","MY","MYS",2006,44.8,"","2025-01-28","East Asia & Pacific","Kuala Lumpur","101.684","3.12433","Upper middle income","IBRD"
"Malaysia","MY","MYS",2003,46.4,"","2025-01-28","East Asia & Pacific","Kuala Lumpur","101.684","3.12433","Upper middle income","IBRD"
"Malaysia","MY","MYS",2012,NA,"","2025-01-28","East Asia & Pacific","Kuala Lumpur","101.684","3.12433","Upper middle income","IBRD"
"Malaysia","MY","MYS",2009,NA,"","2025-01-28","East Asia & Pacific","Kuala Lumpur","101.684","3.12433","Upper middle income","IBRD"
"Malaysia","MY","MYS",2022,NA,"","2025-01-28","East Asia & Pacific","Kuala Lumpur","101.684","3.12433","Upper middle income","IBRD"
"Malaysia","MY","MYS",2000,NA,"","2025-01-28","East Asia & Pacific","Kuala Lumpur","101.684","3.12433","Upper middle income","IBRD"
"Malta","MT","MLT",2015,29.4,"","2025-01-28","Middle East & North Africa","Valletta","14.5189","35.9042","High income","Not classified"
"Malta","MT","MLT",2022,NA,"","2025-01-28","Middle East & North Africa","Valletta","14.5189","35.9042","High income","Not classified"
"Malta","MT","MLT",2018,28.7,"","2025-01-28","Middle East & North Africa","Valletta","14.5189","35.9042","High income","Not classified"
"Malta","MT","MLT",2006,28,"","2025-01-28","Middle East & North Africa","Valletta","14.5189","35.9042","High income","Not classified"
"Malta","MT","MLT",2003,NA,"","2025-01-28","Middle East & North Africa","Valletta","14.5189","35.9042","High income","Not classified"
"Malta","MT","MLT",2012,29.4,"","2025-01-28","Middle East & North Africa","Valletta","14.5189","35.9042","High income","Not classified"
"Malta","MT","MLT",2009,30.2,"","2025-01-28","Middle East & North Africa","Valletta","14.5189","35.9042","High income","Not classified"
"Malta","MT","MLT",2000,NA,"","2025-01-28","Middle East & North Africa","Valletta","14.5189","35.9042","High income","Not classified"
"Mexico","MX","MEX",2022,43.5,"","2025-01-28","Latin America & Caribbean","Mexico City","-99.1276","19.427","Upper middle income","IBRD"
"Mexico","MX","MEX",2009,NA,"","2025-01-28","Latin America & Caribbean","Mexico City","-99.1276","19.427","Upper middle income","IBRD"
"Mexico","MX","MEX",2018,46,"","2025-01-28","Latin America & Caribbean","Mexico City","-99.1276","19.427","Upper middle income","IBRD"
"Mexico","MX","MEX",2015,NA,"","2025-01-28","Latin America & Caribbean","Mexico City","-99.1276","19.427","Upper middle income","IBRD"
"Mexico","MX","MEX",2012,49.6,"","2025-01-28","Latin America & Caribbean","Mexico City","-99.1276","19.427","Upper middle income","IBRD"
"Mexico","MX","MEX",2006,49.7,"","2025-01-28","Latin America & Caribbean","Mexico City","-99.1276","19.427","Upper middle income","IBRD"
"Mexico","MX","MEX",2003,NA,"","2025-01-28","Latin America & Caribbean","Mexico City","-99.1276","19.427","Upper middle income","IBRD"
"Mexico","MX","MEX",2000,53.4,"","2025-01-28","Latin America & Caribbean","Mexico City","-99.1276","19.427","Upper middle income","IBRD"
"Moldova","MD","MDA",2000,36.4,"","2025-01-28","Europe & Central Asia","Chisinau","28.8497","47.0167","Upper middle income","IBRD"
"Moldova","MD","MDA",2022,NA,"","2025-01-28","Europe & Central Asia","Chisinau","28.8497","47.0167","Upper middle income","IBRD"
"Moldova","MD","MDA",2018,25.7,"","2025-01-28","Europe & Central Asia","Chisinau","28.8497","47.0167","Upper middle income","IBRD"
"Moldova","MD","MDA",2015,27,"","2025-01-28","Europe & Central Asia","Chisinau","28.8497","47.0167","Upper middle income","IBRD"
"Moldova","MD","MDA",2009,32.9,"","2025-01-28","Europe & Central Asia","Chisinau","28.8497","47.0167","Upper middle income","IBRD"
"Moldova","MD","MDA",2012,29.2,"","2025-01-28","Europe & Central Asia","Chisinau","28.8497","47.0167","Upper middle income","IBRD"
"Moldova","MD","MDA",2006,35.4,"","2025-01-28","Europe & Central Asia","Chisinau","28.8497","47.0167","Upper middle income","IBRD"
"Moldova","MD","MDA",2003,34.9,"","2025-01-28","Europe & Central Asia","Chisinau","28.8497","47.0167","Upper middle income","IBRD"
"Mongolia","MN","MNG",2022,31.4,"","2025-01-28","East Asia & Pacific","Ulaanbaatar","106.937","47.9129","Lower middle income","IBRD"
"Mongolia","MN","MNG",2009,NA,"","2025-01-28","East Asia & Pacific","Ulaanbaatar","106.937","47.9129","Lower middle income","IBRD"
"Mongolia","MN","MNG",2006,NA,"","2025-01-28","East Asia & Pacific","Ulaanbaatar","106.937","47.9129","Lower middle income","IBRD"
"Mongolia","MN","MNG",2018,32.7,"","2025-01-28","East Asia & Pacific","Ulaanbaatar","106.937","47.9129","Lower middle income","IBRD"
"Mongolia","MN","MNG",2015,NA,"","2025-01-28","East Asia & Pacific","Ulaanbaatar","106.937","47.9129","Lower middle income","IBRD"
"Mongolia","MN","MNG",2012,33.8,"","2025-01-28","East Asia & Pacific","Ulaanbaatar","106.937","47.9129","Lower middle income","IBRD"
"Mongolia","MN","MNG",2003,NA,"","2025-01-28","East Asia & Pacific","Ulaanbaatar","106.937","47.9129","Lower middle income","IBRD"
"Mongolia","MN","MNG",2000,NA,"","2025-01-28","East Asia & Pacific","Ulaanbaatar","106.937","47.9129","Lower middle income","IBRD"
"Montenegro","ME","MNE",2009,NA,"","2025-01-28","Europe & Central Asia","Podgorica","19.2595","42.4602","Upper middle income","IBRD"
"Montenegro","ME","MNE",2012,41.2,"","2025-01-28","Europe & Central Asia","Podgorica","19.2595","42.4602","Upper middle income","IBRD"
"Montenegro","ME","MNE",2006,NA,"","2025-01-28","Europe & Central Asia","Podgorica","19.2595","42.4602","Upper middle income","IBRD"
"Montenegro","ME","MNE",2003,NA,"","2025-01-28","Europe & Central Asia","Podgorica","19.2595","42.4602","Upper middle income","IBRD"
"Montenegro","ME","MNE",2000,NA,"","2025-01-28","Europe & Central Asia","Podgorica","19.2595","42.4602","Upper middle income","IBRD"
"Montenegro","ME","MNE",2015,39,"","2025-01-28","Europe & Central Asia","Podgorica","19.2595","42.4602","Upper middle income","IBRD"
"Montenegro","ME","MNE",2022,NA,"","2025-01-28","Europe & Central Asia","Podgorica","19.2595","42.4602","Upper middle income","IBRD"
"Montenegro","ME","MNE",2018,36.8,"","2025-01-28","Europe & Central Asia","Podgorica","19.2595","42.4602","Upper middle income","IBRD"
"Morocco","MA","MAR",2018,NA,"","2025-01-28","Middle East & North Africa","Rabat","-6.8704","33.9905","Lower middle income","IBRD"
"Morocco","MA","MAR",2006,40.7,"","2025-01-28","Middle East & North Africa","Rabat","-6.8704","33.9905","Lower middle income","IBRD"
"Morocco","MA","MAR",2003,NA,"","2025-01-28","Middle East & North Africa","Rabat","-6.8704","33.9905","Lower middle income","IBRD"
"Morocco","MA","MAR",2015,NA,"","2025-01-28","Middle East & North Africa","Rabat","-6.8704","33.9905","Lower middle income","IBRD"
"Morocco","MA","MAR",2012,NA,"","2025-01-28","Middle East & North Africa","Rabat","-6.8704","33.9905","Lower middle income","IBRD"
"Morocco","MA","MAR",2009,NA,"","2025-01-28","Middle East & North Africa","Rabat","-6.8704","33.9905","Lower middle income","IBRD"
"Morocco","MA","MAR",2022,NA,"","2025-01-28","Middle East & North Africa","Rabat","-6.8704","33.9905","Lower middle income","IBRD"
"Morocco","MA","MAR",2000,40.6,"","2025-01-28","Middle East & North Africa","Rabat","-6.8704","33.9905","Lower middle income","IBRD"
"Netherlands","NL","NLD",2012,27.6,"","2025-01-28","Europe & Central Asia","Amsterdam","4.89095","52.3738","High income","Not classified"
"Netherlands","NL","NLD",2000,NA,"","2025-01-28","Europe & Central Asia","Amsterdam","4.89095","52.3738","High income","Not classified"
"Netherlands","NL","NLD",2022,NA,"","2025-01-28","Europe & Central Asia","Amsterdam","4.89095","52.3738","High income","Not classified"
"Netherlands","NL","NLD",2018,28.1,"","2025-01-28","Europe & Central Asia","Amsterdam","4.89095","52.3738","High income","Not classified"
"Netherlands","NL","NLD",2015,28.2,"","2025-01-28","Europe & Central Asia","Amsterdam","4.89095","52.3738","High income","Not classified"
"Netherlands","NL","NLD",2009,27.9,"","2025-01-28","Europe & Central Asia","Amsterdam","4.89095","52.3738","High income","Not classified"
"Netherlands","NL","NLD",2006,30,"","2025-01-28","Europe & Central Asia","Amsterdam","4.89095","52.3738","High income","Not classified"
"Netherlands","NL","NLD",2003,NA,"","2025-01-28","Europe & Central Asia","Amsterdam","4.89095","52.3738","High income","Not classified"
"New Zealand","NZ","NZL",2006,NA,"","2025-01-28","East Asia & Pacific","Wellington","174.776","-41.2865","High income","Not classified"
"New Zealand","NZ","NZL",2003,NA,"","2025-01-28","East Asia & Pacific","Wellington","174.776","-41.2865","High income","Not classified"
"New Zealand","NZ","NZL",2022,NA,"","2025-01-28","East Asia & Pacific","Wellington","174.776","-41.2865","High income","Not classified"
"New Zealand","NZ","NZL",2018,NA,"","2025-01-28","East Asia & Pacific","Wellington","174.776","-41.2865","High income","Not classified"
"New Zealand","NZ","NZL",2000,NA,"","2025-01-28","East Asia & Pacific","Wellington","174.776","-41.2865","High income","Not classified"
"New Zealand","NZ","NZL",2012,NA,"","2025-01-28","East Asia & Pacific","Wellington","174.776","-41.2865","High income","Not classified"
"New Zealand","NZ","NZL",2009,NA,"","2025-01-28","East Asia & Pacific","Wellington","174.776","-41.2865","High income","Not classified"
"New Zealand","NZ","NZL",2015,NA,"","2025-01-28","East Asia & Pacific","Wellington","174.776","-41.2865","High income","Not classified"
"North Macedonia","MK","MKD",2006,NA,"","2025-01-28","Europe & Central Asia","Skopje","21.4361","42.0024","Upper middle income","IBRD"
"North Macedonia","MK","MKD",2022,NA,"","2025-01-28","Europe & Central Asia","Skopje","21.4361","42.0024","Upper middle income","IBRD"
"North Macedonia","MK","MKD",2003,NA,"","2025-01-28","Europe & Central Asia","Skopje","21.4361","42.0024","Upper middle income","IBRD"
"North Macedonia","MK","MKD",2000,NA,"","2025-01-28","Europe & Central Asia","Skopje","21.4361","42.0024","Upper middle income","IBRD"
"North Macedonia","MK","MKD",2012,38.1,"","2025-01-28","Europe & Central Asia","Skopje","21.4361","42.0024","Upper middle income","IBRD"
"North Macedonia","MK","MKD",2009,42.8,"","2025-01-28","Europe & Central Asia","Skopje","21.4361","42.0024","Upper middle income","IBRD"
"North Macedonia","MK","MKD",2015,35.6,"","2025-01-28","Europe & Central Asia","Skopje","21.4361","42.0024","Upper middle income","IBRD"
"North Macedonia","MK","MKD",2018,33,"","2025-01-28","Europe & Central Asia","Skopje","21.4361","42.0024","Upper middle income","IBRD"
"Norway","NO","NOR",2022,NA,"","2025-01-28","Europe & Central Asia","Oslo","10.7387","59.9138","High income","Not classified"
"Norway","NO","NOR",2009,26.2,"","2025-01-28","Europe & Central Asia","Oslo","10.7387","59.9138","High income","Not classified"
"Norway","NO","NOR",2018,27.6,"","2025-01-28","Europe & Central Asia","Oslo","10.7387","59.9138","High income","Not classified"
"Norway","NO","NOR",2015,27.5,"","2025-01-28","Europe & Central Asia","Oslo","10.7387","59.9138","High income","Not classified"
"Norway","NO","NOR",2012,25.7,"","2025-01-28","Europe & Central Asia","Oslo","10.7387","59.9138","High income","Not classified"
"Norway","NO","NOR",2006,26.4,"","2025-01-28","Europe & Central Asia","Oslo","10.7387","59.9138","High income","Not classified"
"Norway","NO","NOR",2000,27.4,"","2025-01-28","Europe & Central Asia","Oslo","10.7387","59.9138","High income","Not classified"
"Norway","NO","NOR",2003,27.6,"","2025-01-28","Europe & Central Asia","Oslo","10.7387","59.9138","High income","Not classified"
"Panama","PA","PAN",2015,50.8,"","2025-01-28","Latin America & Caribbean","Panama City","-79.5188","8.99427","High income","IBRD"
"Panama","PA","PAN",2022,NA,"","2025-01-28","Latin America & Caribbean","Panama City","-79.5188","8.99427","High income","IBRD"
"Panama","PA","PAN",2018,49.2,"","2025-01-28","Latin America & Caribbean","Panama City","-79.5188","8.99427","High income","IBRD"
"Panama","PA","PAN",2003,55.7,"","2025-01-28","Latin America & Caribbean","Panama City","-79.5188","8.99427","High income","IBRD"
"Panama","PA","PAN",2000,56.6,"","2025-01-28","Latin America & Caribbean","Panama City","-79.5188","8.99427","High income","IBRD"
"Panama","PA","PAN",2012,51.7,"","2025-01-28","Latin America & Caribbean","Panama City","-79.5188","8.99427","High income","IBRD"
"Panama","PA","PAN",2009,51.8,"","2025-01-28","Latin America & Caribbean","Panama City","-79.5188","8.99427","High income","IBRD"
"Panama","PA","PAN",2006,54.6,"","2025-01-28","Latin America & Caribbean","Panama City","-79.5188","8.99427","High income","IBRD"
"Paraguay","PY","PRY",2022,45.1,"","2025-01-28","Latin America & Caribbean","Asuncion","-57.6362","-25.3005","Upper middle income","IBRD"
"Paraguay","PY","PRY",2009,49.1,"","2025-01-28","Latin America & Caribbean","Asuncion","-57.6362","-25.3005","Upper middle income","IBRD"
"Paraguay","PY","PRY",2018,46,"","2025-01-28","Latin America & Caribbean","Asuncion","-57.6362","-25.3005","Upper middle income","IBRD"
"Paraguay","PY","PRY",2015,47.6,"","2025-01-28","Latin America & Caribbean","Asuncion","-57.6362","-25.3005","Upper middle income","IBRD"
"Paraguay","PY","PRY",2012,47.6,"","2025-01-28","Latin America & Caribbean","Asuncion","-57.6362","-25.3005","Upper middle income","IBRD"
"Paraguay","PY","PRY",2006,53,"","2025-01-28","Latin America & Caribbean","Asuncion","-57.6362","-25.3005","Upper middle income","IBRD"
"Paraguay","PY","PRY",2003,54.9,"","2025-01-28","Latin America & Caribbean","Asuncion","-57.6362","-25.3005","Upper middle income","IBRD"
"Paraguay","PY","PRY",2000,NA,"","2025-01-28","Latin America & Caribbean","Asuncion","-57.6362","-25.3005","Upper middle income","IBRD"
"Peru","PE","PER",2012,44.4,"","2025-01-28","Latin America & Caribbean","Lima","-77.0465","-12.0931","Upper middle income","IBRD"
"Peru","PE","PER",2009,47,"","2025-01-28","Latin America & Caribbean","Lima","-77.0465","-12.0931","Upper middle income","IBRD"
"Peru","PE","PER",2006,50.3,"","2025-01-28","Latin America & Caribbean","Lima","-77.0465","-12.0931","Upper middle income","IBRD"
"Peru","PE","PER",2003,53.1,"","2025-01-28","Latin America & Caribbean","Lima","-77.0465","-12.0931","Upper middle income","IBRD"
"Peru","PE","PER",2000,49.1,"","2025-01-28","Latin America & Caribbean","Lima","-77.0465","-12.0931","Upper middle income","IBRD"
"Peru","PE","PER",2022,40.3,"","2025-01-28","Latin America & Caribbean","Lima","-77.0465","-12.0931","Upper middle income","IBRD"
"Peru","PE","PER",2015,43.4,"","2025-01-28","Latin America & Caribbean","Lima","-77.0465","-12.0931","Upper middle income","IBRD"
"Peru","PE","PER",2018,42.4,"","2025-01-28","Latin America & Caribbean","Lima","-77.0465","-12.0931","Upper middle income","IBRD"
"Philippines","PH","PHL",2022,NA,"","2025-01-28","East Asia & Pacific","Manila","121.035","14.5515","Lower middle income","IBRD"
"Philippines","PH","PHL",2009,46.3,"","2025-01-28","East Asia & Pacific","Manila","121.035","14.5515","Lower middle income","IBRD"
"Philippines","PH","PHL",2006,47.2,"","2025-01-28","East Asia & Pacific","Manila","121.035","14.5515","Lower middle income","IBRD"
"Philippines","PH","PHL",2018,42.3,"","2025-01-28","East Asia & Pacific","Manila","121.035","14.5515","Lower middle income","IBRD"
"Philippines","PH","PHL",2015,44.6,"","2025-01-28","East Asia & Pacific","Manila","121.035","14.5515","Lower middle income","IBRD"
"Philippines","PH","PHL",2012,46.5,"","2025-01-28","East Asia & Pacific","Manila","121.035","14.5515","Lower middle income","IBRD"
"Philippines","PH","PHL",2003,46.6,"","2025-01-28","East Asia & Pacific","Manila","121.035","14.5515","Lower middle income","IBRD"
"Philippines","PH","PHL",2000,47.7,"","2025-01-28","East Asia & Pacific","Manila","121.035","14.5515","Lower middle income","IBRD"
"Poland","PL","POL",2015,31.8,"","2025-01-28","Europe & Central Asia","Warsaw","21.02","52.26","High income","IBRD"
"Poland","PL","POL",2018,30.2,"","2025-01-28","Europe & Central Asia","Warsaw","21.02","52.26","High income","IBRD"
"Poland","PL","POL",2006,34.7,"","2025-01-28","Europe & Central Asia","Warsaw","21.02","52.26","High income","IBRD"
"Poland","PL","POL",2003,NA,"","2025-01-28","Europe & Central Asia","Warsaw","21.02","52.26","High income","IBRD"
"Poland","PL","POL",2012,33,"","2025-01-28","Europe & Central Asia","Warsaw","21.02","52.26","High income","IBRD"
"Poland","PL","POL",2009,33.4,"","2025-01-28","Europe & Central Asia","Warsaw","21.02","52.26","High income","IBRD"
"Poland","PL","POL",2022,NA,"","2025-01-28","Europe & Central Asia","Warsaw","21.02","52.26","High income","IBRD"
"Poland","PL","POL",2000,NA,"","2025-01-28","Europe & Central Asia","Warsaw","21.02","52.26","High income","IBRD"
"Portugal","PT","PRT",2012,36,"","2025-01-28","Europe & Central Asia","Lisbon","-9.13552","38.7072","High income","Not classified"
"Portugal","PT","PRT",2000,NA,"","2025-01-28","Europe & Central Asia","Lisbon","-9.13552","38.7072","High income","Not classified"
"Portugal","PT","PRT",2022,NA,"","2025-01-28","Europe & Central Asia","Lisbon","-9.13552","38.7072","High income","Not classified"
"Portugal","PT","PRT",2018,33.5,"","2025-01-28","Europe & Central Asia","Lisbon","-9.13552","38.7072","High income","Not classified"
"Portugal","PT","PRT",2015,35.5,"","2025-01-28","Europe & Central Asia","Lisbon","-9.13552","38.7072","High income","Not classified"
"Portugal","PT","PRT",2009,34.9,"","2025-01-28","Europe & Central Asia","Lisbon","-9.13552","38.7072","High income","Not classified"
"Portugal","PT","PRT",2006,38.1,"","2025-01-28","Europe & Central Asia","Lisbon","-9.13552","38.7072","High income","Not classified"
"Portugal","PT","PRT",2003,38.8,"","2025-01-28","Europe & Central Asia","Lisbon","-9.13552","38.7072","High income","Not classified"
"Qatar","QA","QAT",2015,NA,"","2025-01-28","Middle East & North Africa","Doha","51.5082","25.2948","High income","Not classified"
"Qatar","QA","QAT",2022,NA,"","2025-01-28","Middle East & North Africa","Doha","51.5082","25.2948","High income","Not classified"
"Qatar","QA","QAT",2018,NA,"","2025-01-28","Middle East & North Africa","Doha","51.5082","25.2948","High income","Not classified"
"Qatar","QA","QAT",2003,NA,"","2025-01-28","Middle East & North Africa","Doha","51.5082","25.2948","High income","Not classified"
"Qatar","QA","QAT",2000,NA,"","2025-01-28","Middle East & North Africa","Doha","51.5082","25.2948","High income","Not classified"
"Qatar","QA","QAT",2012,NA,"","2025-01-28","Middle East & North Africa","Doha","51.5082","25.2948","High income","Not classified"
"Qatar","QA","QAT",2009,NA,"","2025-01-28","Middle East & North Africa","Doha","51.5082","25.2948","High income","Not classified"
"Qatar","QA","QAT",2006,NA,"","2025-01-28","Middle East & North Africa","Doha","51.5082","25.2948","High income","Not classified"
"Romania","RO","ROU",2012,36.5,"","2025-01-28","Europe & Central Asia","Bucharest","26.0979","44.4479","High income","IBRD"
"Romania","RO","ROU",2009,35.6,"","2025-01-28","Europe & Central Asia","Bucharest","26.0979","44.4479","High income","IBRD"
"Romania","RO","ROU",2006,39.6,"","2025-01-28","Europe & Central Asia","Bucharest","26.0979","44.4479","High income","IBRD"
"Romania","RO","ROU",2003,NA,"","2025-01-28","Europe & Central Asia","Bucharest","26.0979","44.4479","High income","IBRD"
"Romania","RO","ROU",2000,NA,"","2025-01-28","Europe & Central Asia","Bucharest","26.0979","44.4479","High income","IBRD"
"Romania","RO","ROU",2022,NA,"","2025-01-28","Europe & Central Asia","Bucharest","26.0979","44.4479","High income","IBRD"
"Romania","RO","ROU",2015,35.9,"","2025-01-28","Europe & Central Asia","Bucharest","26.0979","44.4479","High income","IBRD"
"Romania","RO","ROU",2018,35.8,"","2025-01-28","Europe & Central Asia","Bucharest","26.0979","44.4479","High income","IBRD"
"Russian Federation","RU","RUS",2022,NA,"","2025-01-28","Europe & Central Asia","Moscow","37.6176","55.7558","Upper middle income","IBRD"
"Russian Federation","RU","RUS",2009,NA,"","2025-01-28","Europe & Central Asia","Moscow","37.6176","55.7558","Upper middle income","IBRD"
"Russian Federation","RU","RUS",2006,NA,"","2025-01-28","Europe & Central Asia","Moscow","37.6176","55.7558","Upper middle income","IBRD"
"Russian Federation","RU","RUS",2018,35.3,"","2025-01-28","Europe & Central Asia","Moscow","37.6176","55.7558","Upper middle income","IBRD"
"Russian Federation","RU","RUS",2015,36.5,"","2025-01-28","Europe & Central Asia","Moscow","37.6176","55.7558","Upper middle income","IBRD"
"Russian Federation","RU","RUS",2012,NA,"","2025-01-28","Europe & Central Asia","Moscow","37.6176","55.7558","Upper middle income","IBRD"
"Russian Federation","RU","RUS",2003,NA,"","2025-01-28","Europe & Central Asia","Moscow","37.6176","55.7558","Upper middle income","IBRD"
"Russian Federation","RU","RUS",2000,NA,"","2025-01-28","Europe & Central Asia","Moscow","37.6176","55.7558","Upper middle income","IBRD"
"Saudi Arabia","SA","SAU",2018,NA,"","2025-01-28","Middle East & North Africa","Riyadh","46.6977","24.6748","High income","Not classified"
"Saudi Arabia","SA","SAU",2015,NA,"","2025-01-28","Middle East & North Africa","Riyadh","46.6977","24.6748","High income","Not classified"
"Saudi Arabia","SA","SAU",2006,NA,"","2025-01-28","Middle East & North Africa","Riyadh","46.6977","24.6748","High income","Not classified"
"Saudi Arabia","SA","SAU",2003,NA,"","2025-01-28","Middle East & North Africa","Riyadh","46.6977","24.6748","High income","Not classified"
"Saudi Arabia","SA","SAU",2000,NA,"","2025-01-28","Middle East & North Africa","Riyadh","46.6977","24.6748","High income","Not classified"
"Saudi Arabia","SA","SAU",2012,NA,"","2025-01-28","Middle East & North Africa","Riyadh","46.6977","24.6748","High income","Not classified"
"Saudi Arabia","SA","SAU",2009,NA,"","2025-01-28","Middle East & North Africa","Riyadh","46.6977","24.6748","High income","Not classified"
"Saudi Arabia","SA","SAU",2022,NA,"","2025-01-28","Middle East & North Africa","Riyadh","46.6977","24.6748","High income","Not classified"
"Serbia","RS","SRB",2003,NA,"","2025-01-28","Europe & Central Asia","Belgrade","20.4656","44.8024","Upper middle income","IBRD"
"Serbia","RS","SRB",2022,NA,"","2025-01-28","Europe & Central Asia","Belgrade","20.4656","44.8024","Upper middle income","IBRD"
"Serbia","RS","SRB",2018,35,"","2025-01-28","Europe & Central Asia","Belgrade","20.4656","44.8024","Upper middle income","IBRD"
"Serbia","RS","SRB",2000,NA,"","2025-01-28","Europe & Central Asia","Belgrade","20.4656","44.8024","Upper middle income","IBRD"
"Serbia","RS","SRB",2012,39.9,"","2025-01-28","Europe & Central Asia","Belgrade","20.4656","44.8024","Upper middle income","IBRD"
"Serbia","RS","SRB",2009,NA,"","2025-01-28","Europe & Central Asia","Belgrade","20.4656","44.8024","Upper middle income","IBRD"
"Serbia","RS","SRB",2006,NA,"","2025-01-28","Europe & Central Asia","Belgrade","20.4656","44.8024","Upper middle income","IBRD"
"Serbia","RS","SRB",2015,40.5,"","2025-01-28","Europe & Central Asia","Belgrade","20.4656","44.8024","Upper middle income","IBRD"
"Singapore","SG","SGP",2012,NA,"","2025-01-28","East Asia & Pacific","Singapore","103.85","1.28941","High income","Not classified"
"Singapore","SG","SGP",2022,NA,"","2025-01-28","East Asia & Pacific","Singapore","103.85","1.28941","High income","Not classified"
"Singapore","SG","SGP",2018,NA,"","2025-01-28","East Asia & Pacific","Singapore","103.85","1.28941","High income","Not classified"
"Singapore","SG","SGP",2015,NA,"","2025-01-28","East Asia & Pacific","Singapore","103.85","1.28941","High income","Not classified"
"Singapore","SG","SGP",2000,NA,"","2025-01-28","East Asia & Pacific","Singapore","103.85","1.28941","High income","Not classified"
"Singapore","SG","SGP",2006,NA,"","2025-01-28","East Asia & Pacific","Singapore","103.85","1.28941","High income","Not classified"
"Singapore","SG","SGP",2009,NA,"","2025-01-28","East Asia & Pacific","Singapore","103.85","1.28941","High income","Not classified"
"Singapore","SG","SGP",2003,NA,"","2025-01-28","East Asia & Pacific","Singapore","103.85","1.28941","High income","Not classified"
"Slovak Republic","SK","SVK",2012,26.1,"","2025-01-28","Europe & Central Asia","Bratislava","17.1073","48.1484","High income","Not classified"
"Slovak Republic","SK","SVK",2022,NA,"","2025-01-28","Europe & Central Asia","Bratislava","17.1073","48.1484","High income","Not classified"
"Slovak Republic","SK","SVK",2018,25,"","2025-01-28","Europe & Central Asia","Bratislava","17.1073","48.1484","High income","Not classified"
"Slovak Republic","SK","SVK",2015,26.5,"","2025-01-28","Europe & Central Asia","Bratislava","17.1073","48.1484","High income","Not classified"
"Slovak Republic","SK","SVK",2003,NA,"","2025-01-28","Europe & Central Asia","Bratislava","17.1073","48.1484","High income","Not classified"
"Slovak Republic","SK","SVK",2000,NA,"","2025-01-28","Europe & Central Asia","Bratislava","17.1073","48.1484","High income","Not classified"
"Slovak Republic","SK","SVK",2009,27.2,"","2025-01-28","Europe & Central Asia","Bratislava","17.1073","48.1484","High income","Not classified"
"Slovak Republic","SK","SVK",2006,25.8,"","2025-01-28","Europe & Central Asia","Bratislava","17.1073","48.1484","High income","Not classified"
"Slovenia","SI","SVN",2009,24.8,"","2025-01-28","Europe & Central Asia","Ljubljana","14.5044","46.0546","High income","Not classified"
"Slovenia","SI","SVN",2022,NA,"","2025-01-28","Europe & Central Asia","Ljubljana","14.5044","46.0546","High income","Not classified"
"Slovenia","SI","SVN",2006,24.4,"","2025-01-28","Europe & Central Asia","Ljubljana","14.5044","46.0546","High income","Not classified"
"Slovenia","SI","SVN",2003,NA,"","2025-01-28","Europe & Central Asia","Ljubljana","14.5044","46.0546","High income","Not classified"
"Slovenia","SI","SVN",2000,NA,"","2025-01-28","Europe & Central Asia","Ljubljana","14.5044","46.0546","High income","Not classified"
"Slovenia","SI","SVN",2012,25.6,"","2025-01-28","Europe & Central Asia","Ljubljana","14.5044","46.0546","High income","Not classified"
"Slovenia","SI","SVN",2018,24.6,"","2025-01-28","Europe & Central Asia","Ljubljana","14.5044","46.0546","High income","Not classified"
"Slovenia","SI","SVN",2015,25.4,"","2025-01-28","Europe & Central Asia","Ljubljana","14.5044","46.0546","High income","Not classified"
"Spain","ES","ESP",2012,35.4,"","2025-01-28","Europe & Central Asia","Madrid","-3.70327","40.4167","High income","Not classified"
"Spain","ES","ESP",2000,34.1,"","2025-01-28","Europe & Central Asia","Madrid","-3.70327","40.4167","High income","Not classified"
"Spain","ES","ESP",2022,NA,"","2025-01-28","Europe & Central Asia","Madrid","-3.70327","40.4167","High income","Not classified"
"Spain","ES","ESP",2018,34.7,"","2025-01-28","Europe & Central Asia","Madrid","-3.70327","40.4167","High income","Not classified"
"Spain","ES","ESP",2015,36.2,"","2025-01-28","Europe & Central Asia","Madrid","-3.70327","40.4167","High income","Not classified"
"Spain","ES","ESP",2009,34.9,"","2025-01-28","Europe & Central Asia","Madrid","-3.70327","40.4167","High income","Not classified"
"Spain","ES","ESP",2003,31.8,"","2025-01-28","Europe & Central Asia","Madrid","-3.70327","40.4167","High income","Not classified"
"Spain","ES","ESP",2006,33.5,"","2025-01-28","Europe & Central Asia","Madrid","-3.70327","40.4167","High income","Not classified"
"Sweden","SE","SWE",2018,30,"","2025-01-28","Europe & Central Asia","Stockholm","18.0645","59.3327","High income","Not classified"
"Sweden","SE","SWE",2022,NA,"","2025-01-28","Europe & Central Asia","Stockholm","18.0645","59.3327","High income","Not classified"
"Sweden","SE","SWE",2006,26.4,"","2025-01-28","Europe & Central Asia","Stockholm","18.0645","59.3327","High income","Not classified"
"Sweden","SE","SWE",2015,29.2,"","2025-01-28","Europe & Central Asia","Stockholm","18.0645","59.3327","High income","Not classified"
"Sweden","SE","SWE",2012,27.6,"","2025-01-28","Europe & Central Asia","Stockholm","18.0645","59.3327","High income","Not classified"
"Sweden","SE","SWE",2009,27.3,"","2025-01-28","Europe & Central Asia","Stockholm","18.0645","59.3327","High income","Not classified"
"Sweden","SE","SWE",2003,25.3,"","2025-01-28","Europe & Central Asia","Stockholm","18.0645","59.3327","High income","Not classified"
"Sweden","SE","SWE",2000,27,"","2025-01-28","Europe & Central Asia","Stockholm","18.0645","59.3327","High income","Not classified"
"Switzerland","CH","CHE",2000,33.4,"","2025-01-28","Europe & Central Asia","Bern","7.44821","46.948","High income","Not classified"
"Switzerland","CH","CHE",2012,31.6,"","2025-01-28","Europe & Central Asia","Bern","7.44821","46.948","High income","Not classified"
"Switzerland","CH","CHE",2003,NA,"","2025-01-28","Europe & Central Asia","Bern","7.44821","46.948","High income","Not classified"
"Switzerland","CH","CHE",2006,33.9,"","2025-01-28","Europe & Central Asia","Bern","7.44821","46.948","High income","Not classified"
"Switzerland","CH","CHE",2018,33.1,"","2025-01-28","Europe & Central Asia","Bern","7.44821","46.948","High income","Not classified"
"Switzerland","CH","CHE",2015,32.3,"","2025-01-28","Europe & Central Asia","Bern","7.44821","46.948","High income","Not classified"
"Switzerland","CH","CHE",2022,NA,"","2025-01-28","Europe & Central Asia","Bern","7.44821","46.948","High income","Not classified"
"Switzerland","CH","CHE",2009,32.9,"","2025-01-28","Europe & Central Asia","Bern","7.44821","46.948","High income","Not classified"
"Thailand","TH","THA",2015,36,"","2025-01-28","East Asia & Pacific","Bangkok","100.521","13.7308","Upper middle income","IBRD"
"Thailand","TH","THA",2006,41.8,"","2025-01-28","East Asia & Pacific","Bangkok","100.521","13.7308","Upper middle income","IBRD"
"Thailand","TH","THA",2003,NA,"","2025-01-28","East Asia & Pacific","Bangkok","100.521","13.7308","Upper middle income","IBRD"
"Thailand","TH","THA",2000,42.8,"","2025-01-28","East Asia & Pacific","Bangkok","100.521","13.7308","Upper middle income","IBRD"
"Thailand","TH","THA",2012,39.3,"","2025-01-28","East Asia & Pacific","Bangkok","100.521","13.7308","Upper middle income","IBRD"
"Thailand","TH","THA",2009,39.6,"","2025-01-28","East Asia & Pacific","Bangkok","100.521","13.7308","Upper middle income","IBRD"
"Thailand","TH","THA",2022,NA,"","2025-01-28","East Asia & Pacific","Bangkok","100.521","13.7308","Upper middle income","IBRD"
"Thailand","TH","THA",2018,36.4,"","2025-01-28","East Asia & Pacific","Bangkok","100.521","13.7308","Upper middle income","IBRD"
"Trinidad and Tobago","TT","TTO",2012,NA,"","2025-01-28","Latin America & Caribbean","Port-of-Spain","-61.4789","10.6596","High income","IBRD"
"Trinidad and Tobago","TT","TTO",2022,NA,"","2025-01-28","Latin America & Caribbean","Port-of-Spain","-61.4789","10.6596","High income","IBRD"
"Trinidad and Tobago","TT","TTO",2018,NA,"","2025-01-28","Latin America & Caribbean","Port-of-Spain","-61.4789","10.6596","High income","IBRD"
"Trinidad and Tobago","TT","TTO",2015,NA,"","2025-01-28","Latin America & Caribbean","Port-of-Spain","-61.4789","10.6596","High income","IBRD"
"Trinidad and Tobago","TT","TTO",2000,NA,"","2025-01-28","Latin America & Caribbean","Port-of-Spain","-61.4789","10.6596","High income","IBRD"
"Trinidad and Tobago","TT","TTO",2006,NA,"","2025-01-28","Latin America & Caribbean","Port-of-Spain","-61.4789","10.6596","High income","IBRD"
"Trinidad and Tobago","TT","TTO",2009,NA,"","2025-01-28","Latin America & Caribbean","Port-of-Spain","-61.4789","10.6596","High income","IBRD"
"Trinidad and Tobago","TT","TTO",2003,NA,"","2025-01-28","Latin America & Caribbean","Port-of-Spain","-61.4789","10.6596","High income","IBRD"
"Tunisia","TN","TUN",2022,NA,"","2025-01-28","Middle East & North Africa","Tunis","10.21","36.7899","Lower middle income","IBRD"
"Tunisia","TN","TUN",2006,NA,"","2025-01-28","Middle East & North Africa","Tunis","10.21","36.7899","Lower middle income","IBRD"
"Tunisia","TN","TUN",2018,NA,"","2025-01-28","Middle East & North Africa","Tunis","10.21","36.7899","Lower middle income","IBRD"
"Tunisia","TN","TUN",2015,32.8,"","2025-01-28","Middle East & North Africa","Tunis","10.21","36.7899","Lower middle income","IBRD"
"Tunisia","TN","TUN",2012,NA,"","2025-01-28","Middle East & North Africa","Tunis","10.21","36.7899","Lower middle income","IBRD"
"Tunisia","TN","TUN",2009,NA,"","2025-01-28","Middle East & North Africa","Tunis","10.21","36.7899","Lower middle income","IBRD"
"Tunisia","TN","TUN",2003,NA,"","2025-01-28","Middle East & North Africa","Tunis","10.21","36.7899","Lower middle income","IBRD"
"Tunisia","TN","TUN",2000,40.8,"","2025-01-28","Middle East & North Africa","Tunis","10.21","36.7899","Lower middle income","IBRD"
"Turkiye","TR","TUR",2003,NA,"","2025-01-28","Europe & Central Asia","Ankara","32.3606","39.7153","Upper middle income","IBRD"
"Turkiye","TR","TUR",2022,NA,"","2025-01-28","Europe & Central Asia","Ankara","32.3606","39.7153","Upper middle income","IBRD"
"Turkiye","TR","TUR",2018,42.4,"","2025-01-28","Europe & Central Asia","Ankara","32.3606","39.7153","Upper middle income","IBRD"
"Turkiye","TR","TUR",2000,NA,"","2025-01-28","Europe & Central Asia","Ankara","32.3606","39.7153","Upper middle income","IBRD"
"Turkiye","TR","TUR",2012,NA,"","2025-01-28","Europe & Central Asia","Ankara","32.3606","39.7153","Upper middle income","IBRD"
"Turkiye","TR","TUR",2009,NA,"","2025-01-28","Europe & Central Asia","Ankara","32.3606","39.7153","Upper middle income","IBRD"
"Turkiye","TR","TUR",2006,NA,"","2025-01-28","Europe & Central Asia","Ankara","32.3606","39.7153","Upper middle income","IBRD"
"Turkiye","TR","TUR",2015,NA,"","2025-01-28","Europe & Central Asia","Ankara","32.3606","39.7153","Upper middle income","IBRD"
"Ukraine","UA","UKR",2012,24.7,"","2025-01-28","Europe & Central Asia","Kiev","30.5038","50.4536","Lower middle income","IBRD"
"Ukraine","UA","UKR",2022,NA,"","2025-01-28","Europe & Central Asia","Kiev","30.5038","50.4536","Lower middle income","IBRD"
"Ukraine","UA","UKR",2018,26.1,"","2025-01-28","Europe & Central Asia","Kiev","30.5038","50.4536","Lower middle income","IBRD"
"Ukraine","UA","UKR",2015,25.5,"","2025-01-28","Europe & Central Asia","Kiev","30.5038","50.4536","Lower middle income","IBRD"
"Ukraine","UA","UKR",2000,NA,"","2025-01-28","Europe & Central Asia","Kiev","30.5038","50.4536","Lower middle income","IBRD"
"Ukraine","UA","UKR",2009,25.3,"","2025-01-28","Europe & Central Asia","Kiev","30.5038","50.4536","Lower middle income","IBRD"
"Ukraine","UA","UKR",2003,28.7,"","2025-01-28","Europe & Central Asia","Kiev","30.5038","50.4536","Lower middle income","IBRD"
"Ukraine","UA","UKR",2006,29.8,"","2025-01-28","Europe & Central Asia","Kiev","30.5038","50.4536","Lower middle income","IBRD"
"United Arab Emirates","AE","ARE",2003,NA,"","2025-01-28","Middle East & North Africa","Abu Dhabi","54.3705","24.4764","High income","Not classified"
"United Arab Emirates","AE","ARE",2012,NA,"","2025-01-28","Middle East & North Africa","Abu Dhabi","54.3705","24.4764","High income","Not classified"
"United Arab Emirates","AE","ARE",2009,NA,"","2025-01-28","Middle East & North Africa","Abu Dhabi","54.3705","24.4764","High income","Not classified"
"United Arab Emirates","AE","ARE",2006,NA,"","2025-01-28","Middle East & North Africa","Abu Dhabi","54.3705","24.4764","High income","Not classified"
"United Arab Emirates","AE","ARE",2018,26.4,"","2025-01-28","Middle East & North Africa","Abu Dhabi","54.3705","24.4764","High income","Not classified"
"United Arab Emirates","AE","ARE",2015,NA,"","2025-01-28","Middle East & North Africa","Abu Dhabi","54.3705","24.4764","High income","Not classified"
"United Arab Emirates","AE","ARE",2022,NA,"","2025-01-28","Middle East & North Africa","Abu Dhabi","54.3705","24.4764","High income","Not classified"
"United Arab Emirates","AE","ARE",2000,NA,"","2025-01-28","Middle East & North Africa","Abu Dhabi","54.3705","24.4764","High income","Not classified"
"United Kingdom","GB","GBR",2009,35.1,"","2025-01-28","Europe & Central Asia","London","-0.126236","51.5002","High income","Not classified"
"United Kingdom","GB","GBR",2022,NA,"","2025-01-28","Europe & Central Asia","London","-0.126236","51.5002","High income","Not classified"
"United Kingdom","GB","GBR",2006,35.9,"","2025-01-28","Europe & Central Asia","London","-0.126236","51.5002","High income","Not classified"
"United Kingdom","GB","GBR",2003,34.9,"","2025-01-28","Europe & Central Asia","London","-0.126236","51.5002","High income","Not classified"
"United Kingdom","GB","GBR",2000,38.8,"","2025-01-28","Europe & Central Asia","London","-0.126236","51.5002","High income","Not classified"
"United Kingdom","GB","GBR",2012,33.1,"","2025-01-28","Europe & Central Asia","London","-0.126236","51.5002","High income","Not classified"
"United Kingdom","GB","GBR",2018,33.7,"","2025-01-28","Europe & Central Asia","London","-0.126236","51.5002","High income","Not classified"
"United Kingdom","GB","GBR",2015,33.3,"","2025-01-28","Europe & Central Asia","London","-0.126236","51.5002","High income","Not classified"
"United States","US","USA",2018,41.4,"","2025-01-28","North America","Washington D.C.","-77.032","38.8895","High income","Not classified"
"United States","US","USA",2022,41.3,"","2025-01-28","North America","Washington D.C.","-77.032","38.8895","High income","Not classified"
"United States","US","USA",2006,41.4,"","2025-01-28","North America","Washington D.C.","-77.032","38.8895","High income","Not classified"
"United States","US","USA",2015,41.2,"","2025-01-28","North America","Washington D.C.","-77.032","38.8895","High income","Not classified"
"United States","US","USA",2012,40.9,"","2025-01-28","North America","Washington D.C.","-77.032","38.8895","High income","Not classified"
"United States","US","USA",2009,40.6,"","2025-01-28","North America","Washington D.C.","-77.032","38.8895","High income","Not classified"
"United States","US","USA",2003,40.8,"","2025-01-28","North America","Washington D.C.","-77.032","38.8895","High income","Not classified"
"United States","US","USA",2000,40.1,"","2025-01-28","North America","Washington D.C.","-77.032","38.8895","High income","Not classified"
"Uruguay","UY","URY",2009,45.5,"","2025-01-28","Latin America & Caribbean","Montevideo","-56.0675","-34.8941","High income","IBRD"
"Uruguay","UY","URY",2022,40.6,"","2025-01-28","Latin America & Caribbean","Montevideo","-56.0675","-34.8941","High income","IBRD"
"Uruguay","UY","URY",2006,45.9,"","2025-01-28","Latin America & Caribbean","Montevideo","-56.0675","-34.8941","High income","IBRD"
"Uruguay","UY","URY",2003,45,"","2025-01-28","Latin America & Caribbean","Montevideo","-56.0675","-34.8941","High income","IBRD"
"Uruguay","UY","URY",2000,42.9,"","2025-01-28","Latin America & Caribbean","Montevideo","-56.0675","-34.8941","High income","IBRD"
"Uruguay","UY","URY",2012,39.9,"","2025-01-28","Latin America & Caribbean","Montevideo","-56.0675","-34.8941","High income","IBRD"
"Uruguay","UY","URY",2018,39.7,"","2025-01-28","Latin America & Caribbean","Montevideo","-56.0675","-34.8941","High income","IBRD"
"Uruguay","UY","URY",2015,40.1,"","2025-01-28","Latin America & Caribbean","Montevideo","-56.0675","-34.8941","High income","IBRD"
"Uzbekistan","UZ","UZB",2015,NA,"","2025-01-28","Europe & Central Asia","Tashkent","69.269","41.3052","Lower middle income","Blend"
"Uzbekistan","UZ","UZB",2006,NA,"","2025-01-28","Europe & Central Asia","Tashkent","69.269","41.3052","Lower middle income","Blend"
"Uzbekistan","UZ","UZB",2003,35.3,"","2025-01-28","Europe & Central Asia","Tashkent","69.269","41.3052","Lower middle income","Blend"
"Uzbekistan","UZ","UZB",2000,36,"","2025-01-28","Europe & Central Asia","Tashkent","69.269","41.3052","Lower middle income","Blend"
"Uzbekistan","UZ","UZB",2012,NA,"","2025-01-28","Europe & Central Asia","Tashkent","69.269","41.3052","Lower middle income","Blend"
"Uzbekistan","UZ","UZB",2009,NA,"","2025-01-28","Europe & Central Asia","Tashkent","69.269","41.3052","Lower middle income","Blend"
"Uzbekistan","UZ","UZB",2022,31.2,"","2025-01-28","Europe & Central Asia","Tashkent","69.269","41.3052","Lower middle income","Blend"
"Uzbekistan","UZ","UZB",2018,NA,"","2025-01-28","Europe & Central Asia","Tashkent","69.269","41.3052","Lower middle income","Blend"
"Viet Nam","VN","VNM",2022,36.1,"","2025-01-28",NA,NA,NA,NA,NA,NA
"Viet Nam","VN","VNM",2018,35.7,"","2025-01-28",NA,NA,NA,NA,NA,NA
"Viet Nam","VN","VNM",2012,35.6,"","2025-01-28",NA,NA,NA,NA,NA,NA
"Viet Nam","VN","VNM",2006,35.8,"","2025-01-28",NA,NA,NA,NA,NA,NA
"Viet Nam","VN","VNM",2003,NA,"","2025-01-28",NA,NA,NA,NA,NA,NA
"Viet Nam","VN","VNM",2015,NA,"","2025-01-28",NA,NA,NA,NA,NA,NA
"Viet Nam","VN","VNM",2000,NA,"","2025-01-28",NA,NA,NA,NA,NA,NA
"Viet Nam","VN","VNM",2009,NA,"","2025-01-28",NA,NA,NA,NA,NA,NA
"West Bank and Gaza","PS","PSE",2003,NA,"","2025-01-28","Middle East & North Africa","","","","Lower middle income","Not classified"
"West Bank and Gaza","PS","PSE",2006,34,"","2025-01-28","Middle East & North Africa","","","","Lower middle income","Not classified"
"West Bank and Gaza","PS","PSE",2022,NA,"","2025-01-28","Middle East & North Africa","","","","Lower middle income","Not classified"
"West Bank and Gaza","PS","PSE",2018,NA,"","2025-01-28","Middle East & North Africa","","","","Lower middle income","Not classified"
"West Bank and Gaza","PS","PSE",2000,NA,"","2025-01-28","Middle East & North Africa","","","","Lower middle income","Not classified"
"West Bank and Gaza","PS","PSE",2012,NA,"","2025-01-28","Middle East & North Africa","","","","Lower middle income","Not classified"
"West Bank and Gaza","PS","PSE",2009,34.5,"","2025-01-28","Middle East & North Africa","","","","Lower middle income","Not classified"
"West Bank and Gaza","PS","PSE",2015,NA,"","2025-01-28","Middle East & North Africa","","","","Lower middle income","Not classified"
